GGML_OP_MUL;blk.0.attn_norm.weight;1024;1;1;0.0182;0.0862;0.0516;0.0027;0.0001;0.0079;0.0000;1.0000;0.0000;0.0000;0.0000;0.0000;0.0000;1.0000;0.0000;0.0010;0.0000 
GGML_OP_MUL_MAT;blk.0.attn_qkv.weight;1024;3072;1;0.0000;0.0000;0.0000;0.0000;0.0000;0.0000;1.0000;0.0000;0.0000;0.0000;0.0000;0.0000;0.0000;1.0000;0.0000;0.0010;0.0000 
GGML_OP_MUL_MAT;blk.0.attn_output.weight;1024;1024;1;-0.2406;0.3511;-0.0025;0.0026;0.0026;0.0507;0.0000;0.4932;0.5068;0.0000;0.0000;0.0400;0.4668;0.4697;0.0234;0.0010;0.0000 
GGML_OP_MUL;blk.0.ffn_norm.weight;1024;1;1;0.0322;0.3459;0.2084;0.0440;0.0006;0.0250;0.0000;1.0000;0.0000;0.0000;0.0000;0.0000;0.0000;0.0166;0.9834;0.0010;0.0000 
GGML_OP_MUL_MAT;blk.0.ffn_up.weight;1024;4096;1;-0.2788;0.3511;-0.0025;0.0020;0.0020;0.0449;0.0000;0.4805;0.5195;0.0000;0.0000;0.0273;0.4922;0.4619;0.0186;0.0010;0.0000 
GGML_OP_MUL_MAT;blk.0.ffn_down.weight;4096;1024;1;-1.1088;1.3924;0.0016;0.0107;0.0107;0.1034;0.5000;0.2578;0.2422;0.0002;0.0022;0.1001;0.1396;0.6436;0.1116;0.0027;0.0002 
GGML_OP_MUL;blk.1.attn_norm.weight;1024;1;1;0.1003;0.7659;0.3603;0.1333;0.0035;0.0590;0.0000;1.0000;0.0000;0.0000;0.0000;0.0000;0.0000;0.0000;0.9785;0.0225;0.0000 
GGML_OP_MUL_MAT;blk.1.attn_qkv.weight;1024;3072;1;-0.1700;1.8740;-0.1139;0.0283;0.0153;0.1236;0.0000;0.0361;0.9639;0.0000;0.0000;0.7422;0.2217;0.0225;0.0078;0.0029;0.0039 
GGML_OP_MUL_MAT;blk.1.attn_output.weight;1024;1024;1;-1.0391;1.2907;-0.0020;0.0700;0.0700;0.2645;0.0000;0.4883;0.5117;0.0010;0.0273;0.2959;0.1875;0.1748;0.2812;0.0283;0.0049 
GGML_OP_MUL;blk.1.ffn_norm.weight;1024;1;1;0.0669;0.6670;0.3874;0.1522;0.0022;0.0467;0.0000;1.0000;0.0000;0.0000;0.0000;0.0000;0.0000;0.0010;0.9854;0.0146;0.0000 
GGML_OP_MUL_MAT;blk.1.ffn_up.weight;1024;4096;1;-1.7227;2.2207;0.0018;0.0797;0.0796;0.2822;0.0000;0.4902;0.5098;0.0049;0.0195;0.2812;0.2041;0.1865;0.2734;0.0234;0.0078 
GGML_OP_MUL_MAT;blk.1.ffn_down.weight;4096;1024;1;-4.4009;1.9318;-0.0015;0.0146;0.0146;0.1208;0.5000;0.2432;0.2568;0.0010;0.0010;0.0464;0.2085;0.6912;0.0500;0.0015;0.0007 
GGML_OP_MUL;blk.2.attn_norm.weight;1024;1;1;0.0925;0.6460;0.2923;0.0872;0.0018;0.0421;0.0000;1.0000;0.0000;0.0000;0.0000;0.0000;0.0000;0.0020;0.9932;0.0059;0.0000 
GGML_OP_MUL_MAT;blk.2.attn_qkv.weight;1024;3072;1;-0.1700;1.7178;0.0203;0.0326;0.0322;0.1793;0.0029;0.4600;0.5371;0.0000;0.0000;0.2949;0.2422;0.1846;0.2656;0.0098;0.0039 
GGML_OP_MUL_MAT;blk.2.attn_output.weight;1024;1024;1;-1.9009;1.5410;0.0053;0.0959;0.0959;0.3096;0.0000;0.4883;0.5117;0.0098;0.0283;0.2471;0.2266;0.1836;0.2617;0.0361;0.0078 
GGML_OP_MUL;blk.2.ffn_norm.weight;1024;1;1;0.0477;0.6265;0.4367;0.1938;0.0031;0.0560;0.0000;1.0000;0.0000;0.0000;0.0000;0.0000;0.0000;0.0059;0.9316;0.0635;0.0000 
GGML_OP_MUL_MAT;blk.2.ffn_up.weight;1024;4096;1;-2.9102;2.0176;-0.0006;0.0857;0.0857;0.2927;0.0000;0.4912;0.5088;0.0098;0.0166;0.2588;0.2236;0.2070;0.2500;0.0322;0.0029 
GGML_OP_MUL_MAT;blk.2.ffn_down.weight;4096;1024;1;-5.3298;2.2798;0.0011;0.0196;0.0196;0.1401;0.5000;0.2593;0.2407;0.0012;0.0020;0.0723;0.1653;0.6663;0.0908;0.0017;0.0007 
GGML_OP_MUL;blk.3.attn_norm.weight;1024;1;1;0.0847;0.7597;0.3454;0.1214;0.0022;0.0465;0.0000;1.0000;0.0000;0.0000;0.0000;0.0000;0.0000;0.0020;0.9941;0.0049;0.0000 
GGML_OP_MUL_MAT;blk.3.attn_qkv.weight;1024;3072;1;-0.1700;3.8477;-0.0047;0.0539;0.0539;0.2321;0.0020;0.3408;0.6572;0.0000;0.0000;0.3896;0.2676;0.1533;0.1768;0.0068;0.0068 
GGML_OP_MUL_MAT;blk.3.attn_output.weight;1024;1024;1;-1.3243;1.3511;0.0016;0.0398;0.0398;0.1995;0.0000;0.5078;0.4922;0.0049;0.0107;0.1797;0.2969;0.3096;0.1807;0.0156;0.0029 
GGML_OP_MUL;blk.3.ffn_norm.weight;1024;1;1;-0.0003;0.6466;0.5041;0.2592;0.0050;0.0707;0.0000;0.9980;0.0020;0.0000;0.0000;0.0000;0.0020;0.0088;0.3770;0.6133;0.0000 
GGML_OP_MUL_MAT;blk.3.ffn_up.weight;1024;4096;1;-1.2314;1.2002;-0.0001;0.0275;0.0275;0.1657;0.0000;0.4971;0.5029;0.0039;0.0068;0.1377;0.3545;0.3486;0.1406;0.0039;0.0049 
GGML_OP_MUL_MAT;blk.3.ffn_down.weight;4096;1024;1;-18.5132;2.1098;0.0018;0.0988;0.0988;0.3144;0.5000;0.2856;0.2144;0.0010;0.0015;0.0579;0.1541;0.7002;0.0837;0.0012;0.0007 
GGML_OP_MUL;blk.4.attn_norm.weight;1024;1;1;0.0599;0.5818;0.4517;0.2067;0.0027;0.0524;0.0000;1.0000;0.0000;0.0000;0.0000;0.0000;0.0000;0.0020;0.8584;0.1406;0.0000 
GGML_OP_MUL_MAT;blk.4.attn_qkv.weight;1024;3072;1;-0.1699;27.1806;0.1004;1.8555;1.8454;1.3584;0.0059;0.2461;0.7480;0.0000;0.0000;0.0977;0.6504;0.0615;0.1689;0.0166;0.0059 
GGML_OP_MUL_MAT;blk.4.attn_output.weight;1024;1024;1;-1.1828;1.2459;-0.0089;0.0209;0.0208;0.1444;0.0000;0.4824;0.5176;0.0029;0.0068;0.1191;0.3887;0.3740;0.1045;0.0039;0.0010 
GGML_OP_MUL;blk.4.ffn_norm.weight;1024;1;1;0.0000;1.1758;0.5082;0.2630;0.0047;0.0687;0.0000;1.0000;0.0000;0.0000;0.0000;0.0000;0.0000;0.0088;0.3359;0.6553;0.0010 
GGML_OP_MUL_MAT;blk.4.ffn_up.weight;1024;4096;1;-0.9316;0.8965;-0.0025;0.0094;0.0094;0.0971;0.0000;0.4922;0.5078;0.0000;0.0059;0.0527;0.4492;0.4463;0.0410;0.0059;0.0000 
GGML_OP_MUL_MAT;blk.4.ffn_down.weight;4096;1024;1;-7.4439;1.8577;0.0024;0.0359;0.0359;0.1896;0.5000;0.2947;0.2053;0.0012;0.0007;0.0498;0.1536;0.7229;0.0706;0.0012;0.0002 
GGML_OP_MUL;blk.5.attn_norm.weight;1024;1;1;0.0539;0.6036;0.4833;0.2363;0.0027;0.0523;0.0000;1.0000;0.0000;0.0000;0.0000;0.0000;0.0000;0.0020;0.6172;0.3818;0.0000 
GGML_OP_MUL_MAT;blk.5.attn_qkv.weight;1024;3072;1;-0.1700;0.6489;-0.0968;0.0132;0.0038;0.0618;0.0000;0.0459;0.9541;0.0000;0.0000;0.5361;0.4180;0.0332;0.0117;0.0020;0.0000 
GGML_OP_MUL_MAT;blk.5.attn_output.weight;1024;1024;1;-0.7425;1.0078;-0.0006;0.0094;0.0094;0.0968;0.0000;0.5029;0.4971;0.0000;0.0020;0.0908;0.4043;0.4189;0.0820;0.0020;0.0010 
GGML_OP_MUL;blk.5.ffn_norm.weight;1024;1;1;0.0296;1.2569;0.4868;0.2406;0.0037;0.0604;0.0000;1.0000;0.0000;0.0000;0.0000;0.0000;0.0000;0.0059;0.5762;0.4180;0.0010 
GGML_OP_MUL_MAT;blk.5.ffn_up.weight;1024;4096;1;-0.6782;1.3369;0.0006;0.0086;0.0086;0.0926;0.0000;0.4980;0.5020;0.0000;0.0010;0.0596;0.4414;0.4473;0.0479;0.0010;0.0029 
GGML_OP_MUL_MAT;blk.5.ffn_down.weight;4096;1024;1;-8.6820;1.5417;-0.0005;0.0417;0.0417;0.2043;0.5000;0.2937;0.2063;0.0012;0.0007;0.0461;0.1582;0.7290;0.0640;0.0007;0.0002 
GGML_OP_MUL;blk.6.attn_norm.weight;1024;1;1;0.1034;0.6661;0.5352;0.2889;0.0024;0.0492;0.0000;1.0000;0.0000;0.0000;0.0000;0.0000;0.0000;0.0000;0.1709;0.8301;0.0000 
GGML_OP_MUL_MAT;blk.6.attn_qkv.weight;1024;3072;1;-0.1700;2.4902;-0.0335;0.0199;0.0188;0.1371;0.0010;0.2451;0.7539;0.0000;0.0000;0.2607;0.4932;0.1543;0.0889;0.0010;0.0029 
GGML_OP_MUL_MAT;blk.6.attn_output.weight;1024;1024;1;-1.4565;2.6020;-0.0025;0.0273;0.0273;0.1653;0.0000;0.4521;0.5479;0.0039;0.0000;0.0732;0.4707;0.3799;0.0664;0.0049;0.0020 
GGML_OP_MUL;blk.6.ffn_norm.weight;1024;1;1;0.0003;1.3140;0.4831;0.2371;0.0037;0.0609;0.0000;1.0000;0.0000;0.0000;0.0000;0.0000;0.0000;0.0059;0.6309;0.3633;0.0010 
GGML_OP_MUL_MAT;blk.6.ffn_up.weight;1024;4096;1;-1.8496;2.5430;0.0011;0.0292;0.0292;0.1710;0.0000;0.4863;0.5137;0.0049;0.0000;0.0488;0.4600;0.4346;0.0449;0.0049;0.0029 
GGML_OP_MUL_MAT;blk.6.ffn_down.weight;4096;1024;1;-9.1508;1.3406;-0.0011;0.0407;0.0407;0.2017;0.5000;0.2886;0.2114;0.0012;0.0002;0.0344;0.1755;0.7380;0.0500;0.0005;0.0002 
GGML_OP_MUL;blk.7.attn_norm.weight;1024;1;1;0.0896;0.6350;0.5241;0.2768;0.0021;0.0462;0.0000;1.0000;0.0000;0.0000;0.0000;0.0000;0.0000;0.0010;0.2246;0.7754;0.0000 
GGML_OP_MUL_MAT;blk.7.attn_qkv.weight;1024;3072;1;-0.1700;0.5093;-0.0134;0.0113;0.0111;0.1054;0.0000;0.3369;0.6631;0.0000;0.0000;0.1729;0.4902;0.1846;0.1514;0.0020;0.0000 
GGML_OP_MUL_MAT;blk.7.attn_output.weight;1024;1024;1;-1.5764;2.0254;0.0015;0.0249;0.0249;0.1577;0.0000;0.5020;0.4980;0.0020;0.0049;0.0840;0.4072;0.4219;0.0723;0.0068;0.0020 
GGML_OP_MUL;blk.7.ffn_norm.weight;1024;1;1;0.0073;1.4238;0.4831;0.2370;0.0036;0.0602;0.0000;1.0000;0.0000;0.0000;0.0000;0.0000;0.0000;0.0059;0.6572;0.3369;0.0010 
GGML_OP_MUL_MAT;blk.7.ffn_up.weight;1024;4096;1;-1.4580;2.0254;0.0026;0.0136;0.0136;0.1165;0.0000;0.5166;0.4834;0.0010;0.0029;0.0586;0.4209;0.4561;0.0566;0.0039;0.0010 
GGML_OP_MUL_MAT;blk.7.ffn_down.weight;4096;1024;1;-10.0810;1.3823;-0.0016;0.0497;0.0497;0.2230;0.5000;0.3030;0.1970;0.0012;0.0005;0.0310;0.1643;0.7556;0.0471;0.0002;0.0002 
GGML_OP_MUL;blk.8.attn_norm.weight;1024;1;1;0.0750;0.5901;0.4865;0.2387;0.0020;0.0444;0.0000;1.0000;0.0000;0.0000;0.0000;0.0000;0.0000;0.0010;0.5879;0.4121;0.0000 
GGML_OP_MUL_MAT;blk.8.attn_qkv.weight;1024;3072;1;-0.1700;0.8911;-0.0027;0.0115;0.0115;0.1071;0.0000;0.3037;0.6963;0.0000;0.0000;0.0947;0.6016;0.1484;0.1514;0.0049;0.0000 
GGML_OP_MUL_MAT;blk.8.attn_output.weight;1024;1024;1;-0.5578;0.8139;0.0051;0.0104;0.0103;0.1017;0.0000;0.5361;0.4639;0.0000;0.0010;0.1084;0.3545;0.4268;0.1064;0.0039;0.0000 
GGML_OP_MUL;blk.8.ffn_norm.weight;1024;1;1;0.0180;1.1445;0.4305;0.1876;0.0023;0.0476;0.0000;1.0000;0.0000;0.0000;0.0000;0.0000;0.0000;0.0049;0.9941;0.0010;0.0010 
GGML_OP_MUL_MAT;blk.8.ffn_up.weight;1024;4096;1;-0.4119;0.7383;0.0012;0.0070;0.0070;0.0837;0.0000;0.5146;0.4854;0.0000;0.0000;0.0898;0.3955;0.4365;0.0762;0.0029;0.0000 
GGML_OP_MUL_MAT;blk.8.ffn_down.weight;4096;1024;1;-7.9007;1.4585;-0.0017;0.0363;0.0363;0.1906;0.5000;0.3035;0.1965;0.0012;0.0005;0.0210;0.1738;0.7708;0.0322;0.0005;0.0002 
GGML_OP_MUL;blk.9.attn_norm.weight;1024;1;1;0.1141;0.6895;0.5611;0.3172;0.0025;0.0495;0.0000;1.0000;0.0000;0.0000;0.0000;0.0000;0.0000;0.0000;0.0811;0.9199;0.0000 
GGML_OP_MUL_MAT;blk.9.attn_qkv.weight;1024;3072;1;-0.1700;0.9009;0.0068;0.0113;0.0112;0.1060;0.0010;0.4395;0.5596;0.0000;0.0000;0.1309;0.4287;0.2402;0.1992;0.0020;0.0000 
GGML_OP_MUL_MAT;blk.9.attn_output.weight;1024;1024;1;-0.6045;1.9793;0.0068;0.0143;0.0142;0.1193;0.0000;0.4971;0.5029;0.0000;0.0020;0.0596;0.4414;0.3994;0.0938;0.0029;0.0020 
GGML_OP_MUL;blk.9.ffn_norm.weight;1024;1;1;-0.0000;1.4257;0.4427;0.1990;0.0030;0.0549;0.0000;0.9990;0.0010;0.0000;0.0000;0.0000;0.0010;0.0059;0.9883;0.0049;0.0010 
GGML_OP_MUL_MAT;blk.9.ffn_up.weight;1024;4096;1;-1.1309;1.8760;0.0014;0.0147;0.0147;0.1213;0.0000;0.4893;0.5107;0.0010;0.0049;0.0557;0.4492;0.4121;0.0723;0.0039;0.0020 
GGML_OP_MUL_MAT;blk.9.ffn_down.weight;4096;1024;1;-9.9708;1.6376;-0.0034;0.0631;0.0630;0.2511;0.5000;0.2996;0.2004;0.0012;0.0005;0.0183;0.1804;0.7690;0.0303;0.0002;0.0002 
GGML_OP_MUL;blk.10.attn_norm.weight;1024;1;1;0.0609;0.6238;0.5013;0.2539;0.0026;0.0509;0.0000;1.0000;0.0000;0.0000;0.0000;0.0000;0.0000;0.0049;0.4219;0.5742;0.0000 
GGML_OP_MUL_MAT;blk.10.attn_qkv.weight;1024;3072;1;-0.1700;0.5122;-0.0194;0.0060;0.0056;0.0748;0.0000;0.2236;0.7764;0.0000;0.0000;0.0957;0.6807;0.1523;0.0703;0.0020;0.0000 
GGML_OP_MUL_MAT;blk.10.attn_output.weight;1024;1024;1;-0.7290;0.9175;-0.0012;0.0132;0.0132;0.1151;0.0000;0.4834;0.5166;0.0000;0.0029;0.1104;0.4033;0.3828;0.0967;0.0049;0.0000 
GGML_OP_MUL;blk.10.ffn_norm.weight;1024;1;1;0.0155;1.3280;0.4137;0.1736;0.0024;0.0489;0.0000;1.0000;0.0000;0.0000;0.0000;0.0000;0.0000;0.0049;0.9941;0.0010;0.0010 
GGML_OP_MUL_MAT;blk.10.ffn_up.weight;1024;4096;1;-0.7290;1.1875;0.0022;0.0090;0.0090;0.0950;0.0000;0.4883;0.5117;0.0000;0.0020;0.0615;0.4482;0.4111;0.0742;0.0029;0.0010 
GGML_OP_MUL_MAT;blk.10.ffn_down.weight;4096;1024;1;-9.3384;1.5766;-0.0024;0.0513;0.0513;0.2265;0.5000;0.3069;0.1931;0.0012;0.0000;0.0134;0.1785;0.7834;0.0232;0.0002;0.0002 
GGML_OP_MUL;blk.11.attn_norm.weight;1024;1;1;0.0895;0.6096;0.4958;0.2481;0.0023;0.0477;0.0000;1.0000;0.0000;0.0000;0.0000;0.0000;0.0000;0.0020;0.4814;0.5176;0.0000 
GGML_OP_MUL_MAT;blk.11.attn_qkv.weight;1024;3072;1;-0.1700;0.4907;-0.0247;0.0072;0.0065;0.0809;0.0000;0.2344;0.7656;0.0000;0.0000;0.1504;0.6152;0.1475;0.0869;0.0010;0.0000 
GGML_OP_MUL_MAT;blk.11.attn_output.weight;1024;1024;1;-0.2090;0.5227;0.0015;0.0035;0.0035;0.0592;0.0000;0.5107;0.4893;0.0000;0.0000;0.0410;0.4482;0.4854;0.0244;0.0020;0.0000 
GGML_OP_MUL;blk.11.ffn_norm.weight;1024;1;1;0.0193;1.2695;0.3916;0.1553;0.0020;0.0446;0.0000;1.0000;0.0000;0.0000;0.0000;0.0000;0.0000;0.0020;0.9971;0.0010;0.0010 
GGML_OP_MUL_MAT;blk.11.ffn_up.weight;1024;4096;1;-0.2812;0.4185;0.0003;0.0038;0.0038;0.0615;0.0000;0.5107;0.4893;0.0000;0.0000;0.0479;0.4414;0.4736;0.0371;0.0010;0.0000 
GGML_OP_MUL_MAT;blk.11.ffn_down.weight;4096;1024;1;-8.8431;1.6480;-0.0016;0.0485;0.0485;0.2203;0.5000;0.3118;0.1882;0.0012;0.0002;0.0100;0.1768;0.7917;0.0198;0.0002;0.0002 
GGML_OP_MUL;blk.12.attn_norm.weight;1024;1;1;0.0790;0.6934;0.4938;0.2458;0.0020;0.0444;0.0000;1.0000;0.0000;0.0000;0.0000;0.0000;0.0000;0.0010;0.5195;0.4805;0.0000 
GGML_OP_MUL_MAT;blk.12.attn_qkv.weight;1024;3072;1;-0.1700;0.6958;-0.0361;0.0074;0.0061;0.0783;0.0010;0.2021;0.7969;0.0000;0.0000;0.1826;0.6143;0.1455;0.0566;0.0020;0.0000 
GGML_OP_MUL_MAT;blk.12.attn_output.weight;1024;1024;1;-0.5618;1.0178;-0.0023;0.0088;0.0088;0.0936;0.0000;0.4688;0.5312;0.0000;0.0020;0.0762;0.4531;0.3887;0.0781;0.0020;0.0010 
GGML_OP_MUL;blk.12.ffn_norm.weight;1024;1;1;0.0023;1.3380;0.3858;0.1510;0.0021;0.0461;0.0000;1.0000;0.0000;0.0000;0.0000;0.0000;0.0000;0.0029;0.9961;0.0010;0.0010 
GGML_OP_MUL_MAT;blk.12.ffn_up.weight;1024;4096;1;-0.4241;0.9717;0.0008;0.0058;0.0058;0.0762;0.0000;0.5059;0.4941;0.0000;0.0000;0.0518;0.4424;0.4492;0.0547;0.0029;0.0000 
GGML_OP_MUL_MAT;blk.12.ffn_down.weight;4096;1024;1;-9.5675;1.5940;-0.0021;0.0434;0.0434;0.2082;0.5000;0.3027;0.1973;0.0012;0.0002;0.0098;0.1860;0.7871;0.0151;0.0005;0.0002 
GGML_OP_MUL;blk.13.attn_norm.weight;1024;1;1;0.0695;0.6897;0.4427;0.1973;0.0013;0.0360;0.0000;1.0000;0.0000;0.0000;0.0000;0.0000;0.0000;0.0010;0.9932;0.0068;0.0000 
GGML_OP_MUL_MAT;blk.13.attn_qkv.weight;1024;3072;1;-0.1700;1.8359;-0.0375;0.0097;0.0083;0.0912;0.0000;0.1826;0.8174;0.0000;0.0000;0.1650;0.6523;0.1377;0.0439;0.0010;0.0010 
GGML_OP_MUL_MAT;blk.13.attn_output.weight;1024;1024;1;-0.3008;0.5873;0.0005;0.0038;0.0038;0.0619;0.0000;0.5068;0.4932;0.0000;0.0000;0.0479;0.4453;0.4727;0.0332;0.0020;0.0000 
GGML_OP_MUL;blk.13.ffn_norm.weight;1024;1;1;0.0352;1.1850;0.3691;0.1379;0.0017;0.0408;0.0000;1.0000;0.0000;0.0000;0.0000;0.0000;0.0000;0.0029;0.9961;0.0010;0.0010 
GGML_OP_MUL_MAT;blk.13.ffn_up.weight;1024;4096;1;-0.5674;0.3906;0.0009;0.0035;0.0035;0.0589;0.0000;0.5088;0.4912;0.0000;0.0010;0.0293;0.4609;0.4736;0.0352;0.0010;0.0000 
GGML_OP_MUL_MAT;blk.13.ffn_down.weight;4096;1024;1;-8.4003;1.5801;0.0003;0.0373;0.0373;0.1931;0.5000;0.3218;0.1782;0.0012;0.0002;0.0071;0.1697;0.8062;0.0151;0.0005;0.0002 
GGML_OP_MUL;blk.14.attn_norm.weight;1024;1;1;0.0862;0.5872;0.4586;0.2115;0.0012;0.0353;0.0000;1.0000;0.0000;0.0000;0.0000;0.0000;0.0000;0.0010;0.9736;0.0264;0.0000 
GGML_OP_MUL_MAT;blk.14.attn_qkv.weight;1024;3072;1;-0.1700;0.4939;-0.0447;0.0074;0.0054;0.0736;0.0010;0.1846;0.8145;0.0000;0.0000;0.2061;0.6084;0.1357;0.0498;0.0010;0.0000 
GGML_OP_MUL_MAT;blk.14.attn_output.weight;1024;1024;1;-0.6985;0.2599;-0.0004;0.0056;0.0056;0.0749;0.0000;0.4883;0.5117;0.0000;0.0020;0.0596;0.4502;0.4219;0.0664;0.0010;0.0000 
GGML_OP_MUL;blk.14.ffn_norm.weight;1024;1;1;0.0161;1.1987;0.3665;0.1360;0.0017;0.0417;0.0000;1.0000;0.0000;0.0000;0.0000;0.0000;0.0000;0.0039;0.9951;0.0010;0.0010 
GGML_OP_MUL_MAT;blk.14.ffn_up.weight;1024;4096;1;-0.5874;0.2205;-0.0002;0.0033;0.0033;0.0575;0.0000;0.4941;0.5059;0.0000;0.0010;0.0283;0.4766;0.4639;0.0303;0.0010;0.0000 
GGML_OP_MUL_MAT;blk.14.ffn_down.weight;4096;1024;1;-8.5465;1.5521;0.0008;0.0309;0.0309;0.1757;0.5000;0.3196;0.1804;0.0012;0.0002;0.0076;0.1714;0.8032;0.0159;0.0005;0.0002 
GGML_OP_MUL;blk.15.attn_norm.weight;1024;1;1;0.0890;0.6035;0.4431;0.1975;0.0011;0.0336;0.0000;1.0000;0.0000;0.0000;0.0000;0.0000;0.0000;0.0020;0.9941;0.0049;0.0000 
GGML_OP_MUL_MAT;blk.15.attn_qkv.weight;1024;3072;1;-0.1700;0.3254;-0.0536;0.0075;0.0046;0.0678;0.0000;0.1514;0.8486;0.0000;0.0000;0.2314;0.6172;0.1211;0.0303;0.0010;0.0000 
GGML_OP_MUL_MAT;blk.15.attn_output.weight;1024;1024;1;-0.5531;0.6772;-0.0055;0.0074;0.0074;0.0858;0.0000;0.4980;0.5020;0.0000;0.0010;0.0908;0.4102;0.4365;0.0596;0.0029;0.0000 
GGML_OP_MUL;blk.15.ffn_norm.weight;1024;1;1;0.0299;1.0754;0.3636;0.1337;0.0015;0.0388;0.0000;1.0000;0.0000;0.0000;0.0000;0.0000;0.0000;0.0039;0.9941;0.0020;0.0010 
GGML_OP_MUL_MAT;blk.15.ffn_up.weight;1024;4096;1;-0.5908;0.5776;-0.0011;0.0061;0.0061;0.0783;0.0000;0.5078;0.4922;0.0000;0.0010;0.0771;0.4141;0.4473;0.0596;0.0020;0.0000 
GGML_OP_MUL_MAT;blk.15.ffn_down.weight;4096;1024;1;-7.5771;1.5087;0.0019;0.0241;0.0241;0.1554;0.5000;0.3254;0.1746;0.0012;0.0002;0.0076;0.1655;0.8103;0.0149;0.0002;0.0002 
GGML_OP_MUL;blk.16.attn_norm.weight;1024;1;1;0.0725;0.7741;0.4408;0.1955;0.0012;0.0349;0.0000;1.0000;0.0000;0.0000;0.0000;0.0000;0.0000;0.0029;0.9922;0.0059;0.0000 
GGML_OP_MUL_MAT;blk.16.attn_qkv.weight;1024;3072;1;-0.1700;0.2585;-0.0596;0.0094;0.0058;0.0763;0.0000;0.1670;0.8330;0.0000;0.0000;0.3223;0.5107;0.1191;0.0479;0.0010;0.0000 
GGML_OP_MUL_MAT;blk.16.attn_output.weight;1024;1024;1;-0.5115;0.2521;0.0008;0.0035;0.0035;0.0591;0.0000;0.5029;0.4971;0.0000;0.0010;0.0312;0.4648;0.4619;0.0410;0.0010;0.0000 
GGML_OP_MUL;blk.16.ffn_norm.weight;1024;1;1;0.0220;0.9857;0.3685;0.1372;0.0014;0.0370;0.0000;1.0000;0.0000;0.0000;0.0000;0.0000;0.0000;0.0029;0.9951;0.0029;0.0000 
GGML_OP_MUL_MAT;blk.16.ffn_up.weight;1024;4096;1;-0.2607;0.2103;-0.0005;0.0022;0.0022;0.0465;0.0000;0.5068;0.4932;0.0000;0.0000;0.0146;0.4785;0.4902;0.0166;0.0010;0.0000 
GGML_OP_MUL_MAT;blk.16.ffn_down.weight;4096;1024;1;-6.7887;1.4525;0.0023;0.0260;0.0260;0.1612;0.5000;0.3320;0.1680;0.0012;0.0002;0.0085;0.1580;0.8140;0.0176;0.0005;0.0002 
GGML_OP_MUL;blk.17.attn_norm.weight;1024;1;1;0.0725;0.6074;0.4393;0.1940;0.0010;0.0320;0.0000;1.0000;0.0000;0.0000;0.0000;0.0000;0.0000;0.0029;0.9922;0.0059;0.0000 
GGML_OP_MUL_MAT;blk.17.attn_qkv.weight;1024;3072;1;-0.1700;6.0195;-0.0700;0.0454;0.0405;0.2013;0.0000;0.0967;0.9033;0.0000;0.0000;0.3828;0.5205;0.0791;0.0166;0.0010;0.0010 
GGML_OP_MUL_MAT;blk.17.attn_output.weight;1024;1024;1;-0.3833;0.5740;0.0014;0.0052;0.0052;0.0719;0.0000;0.4961;0.5039;0.0000;0.0000;0.0518;0.4521;0.4307;0.0645;0.0020;0.0000 
GGML_OP_MUL;blk.17.ffn_norm.weight;1024;1;1;0.0120;0.8718;0.3796;0.1455;0.0013;0.0366;0.0000;1.0000;0.0000;0.0000;0.0000;0.0000;0.0000;0.0049;0.9932;0.0029;0.0000 
GGML_OP_MUL_MAT;blk.17.ffn_up.weight;1024;4096;1;-0.3254;0.5850;0.0006;0.0039;0.0039;0.0623;0.0000;0.4922;0.5078;0.0000;0.0000;0.0322;0.4756;0.4551;0.0361;0.0020;0.0000 
GGML_OP_MUL_MAT;blk.17.ffn_down.weight;4096;1024;1;-5.9643;1.4243;0.0033;0.0151;0.0151;0.1229;0.5000;0.3296;0.1704;0.0012;0.0000;0.0068;0.1624;0.8169;0.0125;0.0002;0.0002 
GGML_OP_MUL;blk.18.attn_norm.weight;1024;1;1;0.0679;0.6207;0.4475;0.2013;0.0010;0.0323;0.0000;1.0000;0.0000;0.0000;0.0000;0.0000;0.0000;0.0029;0.9863;0.0117;0.0000 
GGML_OP_MUL_MAT;blk.18.attn_qkv.weight;1024;3072;1;-0.1700;0.3142;-0.0644;0.0102;0.0060;0.0775;0.0000;0.1758;0.8242;0.0000;0.0000;0.3672;0.4570;0.1445;0.0312;0.0010;0.0000 
GGML_OP_MUL_MAT;blk.18.attn_output.weight;1024;1024;1;-0.3599;0.1959;-0.0050;0.0031;0.0031;0.0556;0.0000;0.4951;0.5049;0.0000;0.0000;0.0410;0.4639;0.4766;0.0186;0.0010;0.0000 
GGML_OP_MUL;blk.18.ffn_norm.weight;1024;1;1;0.0114;0.8028;0.3914;0.1546;0.0014;0.0369;0.0000;1.0000;0.0000;0.0000;0.0000;0.0000;0.0000;0.0029;0.9922;0.0059;0.0000 
GGML_OP_MUL_MAT;blk.18.ffn_up.weight;1024;4096;1;-0.4189;0.3223;0.0004;0.0038;0.0038;0.0617;0.0000;0.5020;0.4980;0.0000;0.0000;0.0391;0.4590;0.4678;0.0342;0.0010;0.0000 
GGML_OP_MUL_MAT;blk.18.ffn_down.weight;4096;1024;1;-5.4339;1.3116;0.0037;0.0143;0.0143;0.1194;0.5000;0.3357;0.1643;0.0012;0.0002;0.0073;0.1555;0.8196;0.0159;0.0002;0.0002 
GGML_OP_MUL;blk.19.attn_norm.weight;1024;1;1;0.0618;0.6904;0.4782;0.2300;0.0013;0.0359;0.0000;1.0000;0.0000;0.0000;0.0000;0.0000;0.0000;0.0029;0.8818;0.1162;0.0000 
GGML_OP_MUL_MAT;blk.19.attn_qkv.weight;1024;3072;1;-0.1700;2.8340;-0.0675;0.0196;0.0150;0.1227;0.0000;0.1689;0.8311;0.0000;0.0000;0.4199;0.4111;0.1270;0.0410;0.0010;0.0010 
GGML_OP_MUL_MAT;blk.19.attn_output.weight;1024;1024;1;-0.2827;0.3559;-0.0033;0.0048;0.0047;0.0689;0.0000;0.4678;0.5322;0.0000;0.0000;0.0674;0.4648;0.4199;0.0479;0.0010;0.0000 
GGML_OP_MUL;blk.19.ffn_norm.weight;1024;1;1;0.0123;0.7781;0.4126;0.1717;0.0015;0.0392;0.0000;1.0000;0.0000;0.0000;0.0000;0.0000;0.0000;0.0039;0.9863;0.0107;0.0000 
GGML_OP_MUL_MAT;blk.19.ffn_up.weight;1024;4096;1;-0.2737;0.5854;0.0001;0.0042;0.0042;0.0648;0.0000;0.4844;0.5156;0.0000;0.0000;0.0430;0.4727;0.4375;0.0459;0.0020;0.0000 
GGML_OP_MUL_MAT;blk.19.ffn_down.weight;4096;1024;1;-5.1737;1.2033;0.0041;0.0123;0.0123;0.1110;0.5000;0.3362;0.1638;0.0012;0.0000;0.0103;0.1523;0.8223;0.0137;0.0002;0.0002 
GGML_OP_MUL;blk.20.attn_norm.weight;1024;1;1;0.0656;0.7756;0.4933;0.2448;0.0015;0.0383;0.0000;1.0000;0.0000;0.0000;0.0000;0.0000;0.0000;0.0029;0.6074;0.3906;0.0000 
GGML_OP_MUL_MAT;blk.20.attn_qkv.weight;1024;3072;1;-0.1700;0.4224;-0.0694;0.0146;0.0097;0.0987;0.0000;0.1904;0.8096;0.0000;0.0000;0.5010;0.3086;0.1182;0.0723;0.0010;0.0000 
GGML_OP_MUL_MAT;blk.20.attn_output.weight;1024;1024;1;-0.4410;0.3113;-0.0026;0.0055;0.0055;0.0742;0.0000;0.5059;0.4941;0.0000;0.0000;0.0781;0.4160;0.4395;0.0664;0.0010;0.0000 
GGML_OP_MUL;blk.20.ffn_norm.weight;1024;1;1;0.0120;0.6989;0.4388;0.1942;0.0017;0.0410;0.0000;1.0000;0.0000;0.0000;0.0000;0.0000;0.0000;0.0029;0.9766;0.0215;0.0000 
GGML_OP_MUL_MAT;blk.20.ffn_up.weight;1024;4096;1;-0.4343;0.3374;-0.0036;0.0053;0.0053;0.0730;0.0000;0.4902;0.5098;0.0000;0.0000;0.0723;0.4375;0.4346;0.0557;0.0010;0.0000 
GGML_OP_MUL_MAT;blk.20.ffn_down.weight;4096;1024;1;-4.5814;1.1762;0.0037;0.0146;0.0146;0.1208;0.5000;0.3389;0.1611;0.0012;0.0002;0.0127;0.1470;0.8215;0.0168;0.0005;0.0002 
GGML_OP_MUL;blk.21.attn_norm.weight;1024;1;1;0.0717;0.8580;0.5356;0.2884;0.0016;0.0403;0.0000;1.0000;0.0000;0.0000;0.0000;0.0000;0.0000;0.0029;0.0234;0.9746;0.0000 
GGML_OP_MUL_MAT;blk.21.attn_qkv.weight;1024;3072;1;-0.1700;0.5967;-0.0837;0.0167;0.0097;0.0987;0.0000;0.1689;0.8311;0.0000;0.0000;0.5898;0.2412;0.1094;0.0576;0.0029;0.0000 
GGML_OP_MUL_MAT;blk.21.attn_output.weight;1024;1024;1;-0.3731;0.3079;-0.0034;0.0066;0.0066;0.0811;0.0000;0.5000;0.5000;0.0000;0.0000;0.0977;0.4023;0.4160;0.0840;0.0010;0.0000 
GGML_OP_MUL;blk.21.ffn_norm.weight;1024;1;1;0.0170;0.8024;0.4795;0.2321;0.0022;0.0469;0.0000;1.0000;0.0000;0.0000;0.0000;0.0000;0.0000;0.0039;0.8447;0.1523;0.0000 
GGML_OP_MUL_MAT;blk.21.ffn_up.weight;1024;4096;1;-0.3306;0.7109;0.0001;0.0058;0.0058;0.0765;0.0000;0.4951;0.5049;0.0000;0.0000;0.0645;0.4404;0.4268;0.0674;0.0020;0.0000 
GGML_OP_MUL_MAT;blk.21.ffn_down.weight;4096;1024;1;-3.9902;1.0804;0.0049;0.0095;0.0094;0.0972;0.5000;0.3472;0.1528;0.0010;0.0005;0.0188;0.1326;0.8245;0.0220;0.0007;0.0002 
GGML_OP_MUL;blk.22.attn_norm.weight;1024;1;1;0.0811;1.0586;0.6083;0.3727;0.0027;0.0524;0.0000;1.0000;0.0000;0.0000;0.0000;0.0000;0.0000;0.0029;0.0146;0.9824;0.0010 
GGML_OP_MUL_MAT;blk.22.attn_qkv.weight;1024;3072;1;-0.1700;0.6470;-0.0555;0.0205;0.0174;0.1321;0.0000;0.2568;0.7432;0.0000;0.0000;0.5254;0.2178;0.1230;0.1289;0.0059;0.0000 
GGML_OP_MUL_MAT;blk.22.attn_output.weight;1024;1024;1;-0.8720;0.7285;-0.0035;0.0118;0.0118;0.1087;0.0000;0.4902;0.5098;0.0000;0.0039;0.1299;0.3760;0.3838;0.1045;0.0029;0.0000 
GGML_OP_MUL;blk.22.ffn_norm.weight;1024;1;1;0.0213;0.9434;0.5592;0.3161;0.0033;0.0577;0.0000;1.0000;0.0000;0.0000;0.0000;0.0000;0.0000;0.0049;0.0137;0.9824;0.0000 
GGML_OP_MUL_MAT;blk.22.ffn_up.weight;1024;4096;1;-0.8433;0.9038;-0.0017;0.0139;0.0139;0.1178;0.0000;0.4912;0.5088;0.0000;0.0029;0.1416;0.3643;0.3682;0.1201;0.0039;0.0000 
GGML_OP_MUL_MAT;blk.22.ffn_down.weight;4096;1024;1;-5.0384;1.1528;0.0074;0.0129;0.0128;0.1132;0.5000;0.3657;0.1343;0.0010;0.0010;0.0186;0.1138;0.8376;0.0273;0.0005;0.0005 
GGML_OP_MUL;blk.23.attn_norm.weight;1024;1;1;0.1194;1.0612;0.7095;0.5067;0.0034;0.0581;0.0000;1.0000;0.0000;0.0000;0.0000;0.0000;0.0000;0.0000;0.0107;0.9893;0.0010 
GGML_OP_MUL_MAT;blk.23.attn_qkv.weight;1024;3072;1;-0.1700;4.4453;0.0901;0.2333;0.2252;0.4745;0.0000;0.3291;0.6709;0.0000;0.0000;0.4971;0.1738;0.0664;0.1465;0.0693;0.0479 
GGML_OP_MUL_MAT;blk.23.attn_output.weight;1024;1024;1;-8.7344;8.2500;-0.0274;1.2175;1.2168;1.1031;0.0000;0.4727;0.5273;0.0674;0.0605;0.2021;0.1973;0.1504;0.2021;0.0625;0.0586 
GGML_OP_MUL;blk.23.ffn_norm.weight;1024;1;1;0.0415;1.2371;0.6784;0.4656;0.0054;0.0732;0.0000;1.0000;0.0000;0.0000;0.0000;0.0000;0.0000;0.0010;0.0137;0.9814;0.0049 
GGML_OP_MUL_MAT;blk.23.ffn_up.weight;1024;4096;1;0.0000;0.0000;0.0000;0.0000;0.0000;0.0000;1.0000;0.0000;0.0000;0.0000;0.0000;0.0000;0.0000;1.0000;0.0000;0.0010;0.0000 
GGML_OP_MUL_MAT;blk.23.ffn_down.weight;4096;1024;1;-1885.8641;551.4936;-0.4416;1152.0516;1151.8566;33.9390;0.2498;0.3755;0.3748;0.1731;0.0447;0.0520;0.1050;0.3584;0.0566;0.0396;0.1709 
GGML_OP_MUL;output_norm.weight;1024;1;1;0.0160;19.2128;1.6960;4.2578;1.3813;1.1753;0.0000;1.0000;0.0000;0.0000;0.0000;0.0000;0.0000;0.0010;0.0059;0.0029;0.9912 
GGML_OP_MUL_MAT;output.weight;1024;50257;1;-412.7520;627.4377;0.6464;997.9531;997.5352;31.5838;0.0000;0.5049;0.4951;0.4043;0.0420;0.0371;0.0117;0.0098;0.0508;0.0566;0.3887 
GGML_OP_MUL;blk.0.attn_norm.weight;1024;1;1;0.0182;0.0862;0.0516;0.0027;0.0001;0.0079;0.0000;1.0000;0.0000;0.0000;0.0000;0.0000;0.0000;1.0000;0.0000;0.0010;0.0000 
GGML_OP_MUL_MAT;blk.0.attn_qkv.weight;1024;3072;1;0.0000;1.0000;0.0313;0.0269;0.0259;0.1610;0.9531;0.0469;0.0000;0.0000;0.0000;0.0000;0.0000;0.9551;0.0137;0.0166;0.0156 
GGML_OP_MUL_MAT;blk.0.attn_output.weight;1024;1024;1;-0.1073;0.1161;0.0005;0.0006;0.0006;0.0251;0.0000;0.5234;0.4766;0.0000;0.0000;0.0029;0.4736;0.5215;0.0020;0.0010;0.0000 
GGML_OP_MUL;blk.0.ffn_norm.weight;1024;1;1;0.0322;0.3459;0.2084;0.0440;0.0006;0.0250;0.0000;1.0000;0.0000;0.0000;0.0000;0.0000;0.0000;0.0166;0.9834;0.0010;0.0000 
GGML_OP_MUL_MAT;blk.0.ffn_up.weight;1024;4096;1;-0.2788;0.3511;-0.0025;0.0020;0.0020;0.0449;0.0000;0.4805;0.5195;0.0000;0.0000;0.0273;0.4922;0.4619;0.0186;0.0010;0.0000 
GGML_OP_MUL_MAT;blk.0.ffn_down.weight;4096;1024;1;-1.7969;2.9847;0.0028;0.0291;0.0291;0.1705;0.0000;0.5144;0.4856;0.0007;0.0029;0.2415;0.2405;0.2664;0.2458;0.0017;0.0007 
GGML_OP_MUL;blk.1.attn_norm.weight;1024;1;1;0.1003;0.7659;0.3603;0.1333;0.0035;0.0590;0.0000;1.0000;0.0000;0.0000;0.0000;0.0000;0.0000;0.0000;0.9785;0.0225;0.0000 
GGML_OP_MUL_MAT;blk.1.attn_qkv.weight;1024;3072;1;-0.1700;1.8740;-0.1139;0.0283;0.0153;0.1236;0.0000;0.0361;0.9639;0.0000;0.0000;0.7422;0.2217;0.0225;0.0078;0.0029;0.0039 
GGML_OP_MUL_MAT;blk.1.attn_output.weight;1024;1024;1;-0.5796;0.7222;0.0090;0.0406;0.0405;0.2013;0.0000;0.5342;0.4658;0.0000;0.0049;0.2305;0.2305;0.2725;0.2422;0.0205;0.0000 
GGML_OP_MUL;blk.1.ffn_norm.weight;1024;1;1;0.0669;0.6670;0.3874;0.1522;0.0022;0.0467;0.0000;1.0000;0.0000;0.0000;0.0000;0.0000;0.0000;0.0010;0.9854;0.0146;0.0000 
GGML_OP_MUL_MAT;blk.1.ffn_up.weight;1024;4096;1;-1.7227;2.2207;0.0018;0.0797;0.0796;0.2822;0.0000;0.4902;0.5098;0.0049;0.0195;0.2812;0.2041;0.1865;0.2734;0.0234;0.0078 
GGML_OP_MUL_MAT;blk.1.ffn_down.weight;4096;1024;1;-4.4009;1.9318;-0.0018;0.0359;0.0359;0.1896;0.0000;0.5049;0.4951;0.0020;0.0059;0.1882;0.2991;0.3003;0.1992;0.0049;0.0007 
GGML_OP_MUL;blk.2.attn_norm.weight;1024;1;1;0.0925;0.6460;0.2923;0.0872;0.0018;0.0421;0.0000;1.0000;0.0000;0.0000;0.0000;0.0000;0.0000;0.0020;0.9932;0.0059;0.0000 
GGML_OP_MUL_MAT;blk.2.attn_qkv.weight;1024;3072;1;-0.1700;1.7178;0.0203;0.0326;0.0322;0.1793;0.0029;0.4600;0.5371;0.0000;0.0000;0.2949;0.2422;0.1846;0.2656;0.0098;0.0039 
GGML_OP_MUL_MAT;blk.2.attn_output.weight;1024;1024;1;-1.0639;2.3548;0.0306;0.1022;0.1012;0.3182;0.0000;0.5264;0.4736;0.0020;0.0205;0.2080;0.2432;0.2432;0.2510;0.0186;0.0146 
GGML_OP_MUL;blk.2.ffn_norm.weight;1024;1;1;0.0477;0.6265;0.4367;0.1938;0.0031;0.0560;0.0000;1.0000;0.0000;0.0000;0.0000;0.0000;0.0000;0.0059;0.9316;0.0635;0.0000 
GGML_OP_MUL_MAT;blk.2.ffn_up.weight;1024;4096;1;-2.9102;2.0176;-0.0006;0.0857;0.0857;0.2927;0.0000;0.4912;0.5088;0.0098;0.0166;0.2588;0.2236;0.2070;0.2500;0.0322;0.0029 
GGML_OP_MUL_MAT;blk.2.ffn_down.weight;4096;1024;1;-5.3298;2.2798;0.0026;0.0432;0.0432;0.2079;0.0000;0.5232;0.4768;0.0012;0.0105;0.2148;0.2502;0.2805;0.2336;0.0088;0.0005 
GGML_OP_MUL;blk.3.attn_norm.weight;1024;1;1;0.0847;0.7597;0.3454;0.1214;0.0022;0.0465;0.0000;1.0000;0.0000;0.0000;0.0000;0.0000;0.0000;0.0020;0.9941;0.0049;0.0000 
GGML_OP_MUL_MAT;blk.3.attn_qkv.weight;1024;3072;1;-0.1700;3.8477;-0.0047;0.0539;0.0539;0.2321;0.0020;0.3408;0.6572;0.0000;0.0000;0.3896;0.2676;0.1533;0.1768;0.0068;0.0068 
GGML_OP_MUL_MAT;blk.3.attn_output.weight;1024;1024;1;-0.3358;0.3430;0.0163;0.0109;0.0106;0.1031;0.0000;0.5811;0.4189;0.0000;0.0000;0.1230;0.2959;0.3945;0.1865;0.0010;0.0000 
GGML_OP_MUL;blk.3.ffn_norm.weight;1024;1;1;-0.0003;0.6466;0.5041;0.2592;0.0050;0.0707;0.0000;0.9980;0.0020;0.0000;0.0000;0.0000;0.0020;0.0088;0.3770;0.6133;0.0000 
GGML_OP_MUL_MAT;blk.3.ffn_up.weight;1024;4096;1;-1.2314;1.2002;-0.0001;0.0275;0.0275;0.1657;0.0000;0.4971;0.5029;0.0039;0.0068;0.1377;0.3545;0.3486;0.1406;0.0039;0.0049 
GGML_OP_MUL_MAT;blk.3.ffn_down.weight;4096;1024;1;-18.5132;1.3179;0.0079;0.1273;0.1272;0.3567;0.0000;0.5396;0.4604;0.0012;0.0139;0.2043;0.2410;0.2805;0.2415;0.0171;0.0007 
GGML_OP_MUL;blk.4.attn_norm.weight;1024;1;1;0.0599;0.5818;0.4517;0.2067;0.0027;0.0524;0.0000;1.0000;0.0000;0.0000;0.0000;0.0000;0.0000;0.0020;0.8584;0.1406;0.0000 
GGML_OP_MUL_MAT;blk.4.attn_qkv.weight;1024;3072;1;-0.1699;27.1806;0.1004;1.8555;1.8454;1.3584;0.0059;0.2461;0.7480;0.0000;0.0000;0.0977;0.6504;0.0615;0.1689;0.0166;0.0059 
GGML_OP_MUL_MAT;blk.4.attn_output.weight;1024;1024;1;-0.5060;0.4355;-0.0089;0.0103;0.0103;0.1013;0.0000;0.4365;0.5635;0.0000;0.0029;0.1260;0.4346;0.3369;0.0996;0.0010;0.0000 
GGML_OP_MUL;blk.4.ffn_norm.weight;1024;1;1;0.0000;1.1758;0.5082;0.2630;0.0047;0.0687;0.0000;1.0000;0.0000;0.0000;0.0000;0.0000;0.0000;0.0088;0.3359;0.6553;0.0010 
GGML_OP_MUL_MAT;blk.4.ffn_up.weight;1024;4096;1;-0.9316;0.8965;-0.0025;0.0094;0.0094;0.0971;0.0000;0.4922;0.5078;0.0000;0.0059;0.0527;0.4492;0.4463;0.0410;0.0059;0.0000 
GGML_OP_MUL_MAT;blk.4.ffn_down.weight;4096;1024;1;-7.4439;1.1918;0.0086;0.0601;0.0600;0.2450;0.0000;0.5498;0.4502;0.0020;0.0120;0.2134;0.2229;0.2920;0.2383;0.0190;0.0007 
GGML_OP_MUL;blk.5.attn_norm.weight;1024;1;1;0.0539;0.6036;0.4833;0.2363;0.0027;0.0523;0.0000;1.0000;0.0000;0.0000;0.0000;0.0000;0.0000;0.0020;0.6172;0.3818;0.0000 
GGML_OP_MUL_MAT;blk.5.attn_qkv.weight;1024;3072;1;-0.1700;0.6489;-0.0968;0.0132;0.0038;0.0618;0.0000;0.0459;0.9541;0.0000;0.0000;0.5361;0.4180;0.0332;0.0117;0.0020;0.0000 
GGML_OP_MUL_MAT;blk.5.attn_output.weight;1024;1024;1;-0.1653;1.0877;0.0233;0.0190;0.0185;0.1359;0.0000;0.5547;0.4453;0.0000;0.0000;0.0283;0.4170;0.5078;0.0312;0.0078;0.0088 
GGML_OP_MUL;blk.5.ffn_norm.weight;1024;1;1;0.0296;1.2569;0.4868;0.2406;0.0037;0.0604;0.0000;1.0000;0.0000;0.0000;0.0000;0.0000;0.0000;0.0059;0.5762;0.4180;0.0010 
GGML_OP_MUL_MAT;blk.5.ffn_up.weight;1024;4096;1;-0.6782;1.3369;0.0006;0.0086;0.0086;0.0926;0.0000;0.4980;0.5020;0.0000;0.0010;0.0596;0.4414;0.4473;0.0479;0.0010;0.0029 
GGML_OP_MUL_MAT;blk.5.ffn_down.weight;4096;1024;1;-8.6820;1.2479;0.0028;0.0719;0.0719;0.2682;0.0000;0.5508;0.4492;0.0017;0.0139;0.2209;0.2126;0.2964;0.2388;0.0151;0.0007 
GGML_OP_MUL;blk.6.attn_norm.weight;1024;1;1;0.1034;0.6661;0.5352;0.2889;0.0024;0.0492;0.0000;1.0000;0.0000;0.0000;0.0000;0.0000;0.0000;0.0000;0.1709;0.8301;0.0000 
GGML_OP_MUL_MAT;blk.6.attn_qkv.weight;1024;3072;1;-0.1700;2.4902;-0.0335;0.0199;0.0188;0.1371;0.0010;0.2451;0.7539;0.0000;0.0000;0.2607;0.4932;0.1543;0.0889;0.0010;0.0029 
GGML_OP_MUL_MAT;blk.6.attn_output.weight;1024;1024;1;-1.3203;0.1109;-0.0236;0.0270;0.0265;0.1626;0.0000;0.4365;0.5635;0.0156;0.0000;0.0166;0.5312;0.4326;0.0039;0.0010;0.0000 
GGML_OP_MUL;blk.6.ffn_norm.weight;1024;1;1;0.0003;1.3140;0.4831;0.2371;0.0037;0.0609;0.0000;1.0000;0.0000;0.0000;0.0000;0.0000;0.0000;0.0059;0.6309;0.3633;0.0010 
GGML_OP_MUL_MAT;blk.6.ffn_up.weight;1024;4096;1;-1.8496;2.5430;0.0011;0.0292;0.0292;0.1710;0.0000;0.4863;0.5137;0.0049;0.0000;0.0488;0.4600;0.4346;0.0449;0.0049;0.0029 
GGML_OP_MUL_MAT;blk.6.ffn_down.weight;4096;1024;1;-9.1508;1.1840;0.0020;0.0748;0.0748;0.2734;0.0000;0.5349;0.4651;0.0017;0.0159;0.2288;0.2188;0.2773;0.2407;0.0161;0.0010 
GGML_OP_MUL;blk.7.attn_norm.weight;1024;1;1;0.0896;0.6350;0.5241;0.2768;0.0021;0.0462;0.0000;1.0000;0.0000;0.0000;0.0000;0.0000;0.0000;0.0010;0.2246;0.7754;0.0000 
GGML_OP_MUL_MAT;blk.7.attn_qkv.weight;1024;3072;1;-0.1700;0.5093;-0.0134;0.0113;0.0111;0.1054;0.0000;0.3369;0.6631;0.0000;0.0000;0.1729;0.4902;0.1846;0.1514;0.0020;0.0000 
GGML_OP_MUL_MAT;blk.7.attn_output.weight;1024;1024;1;-1.4580;0.3457;-0.0212;0.0425;0.0420;0.2050;0.0000;0.5654;0.4346;0.0156;0.0156;0.0029;0.4004;0.5205;0.0449;0.0010;0.0000 
GGML_OP_MUL;blk.7.ffn_norm.weight;1024;1;1;0.0073;1.4238;0.4831;0.2370;0.0036;0.0602;0.0000;1.0000;0.0000;0.0000;0.0000;0.0000;0.0000;0.0059;0.6572;0.3369;0.0010 
GGML_OP_MUL_MAT;blk.7.ffn_up.weight;1024;4096;1;-1.4580;2.0254;0.0026;0.0136;0.0136;0.1165;0.0000;0.5166;0.4834;0.0010;0.0029;0.0586;0.4209;0.4561;0.0566;0.0039;0.0010 
GGML_OP_MUL_MAT;blk.7.ffn_down.weight;4096;1024;1;-10.0810;1.1709;0.0011;0.0876;0.0876;0.2959;0.0000;0.5442;0.4558;0.0020;0.0129;0.2363;0.2046;0.2766;0.2505;0.0166;0.0007 
GGML_OP_MUL;blk.8.attn_norm.weight;1024;1;1;0.0750;0.5901;0.4865;0.2387;0.0020;0.0444;0.0000;1.0000;0.0000;0.0000;0.0000;0.0000;0.0000;0.0010;0.5879;0.4121;0.0000 
GGML_OP_MUL_MAT;blk.8.attn_qkv.weight;1024;3072;1;-0.1700;0.8911;-0.0027;0.0115;0.0115;0.1071;0.0000;0.3037;0.6963;0.0000;0.0000;0.0947;0.6016;0.1484;0.1514;0.0049;0.0000 
GGML_OP_MUL_MAT;blk.8.attn_output.weight;1024;1024;1;-1.0470;0.9237;0.0085;0.0532;0.0531;0.2304;0.0000;0.5654;0.4346;0.0010;0.0312;0.1670;0.2354;0.3330;0.2070;0.0264;0.0000 
GGML_OP_MUL;blk.8.ffn_norm.weight;1024;1;1;0.0180;1.1445;0.4305;0.1876;0.0023;0.0476;0.0000;1.0000;0.0000;0.0000;0.0000;0.0000;0.0000;0.0049;0.9941;0.0010;0.0010 
GGML_OP_MUL_MAT;blk.8.ffn_up.weight;1024;4096;1;-0.4119;0.7383;0.0012;0.0070;0.0070;0.0837;0.0000;0.5146;0.4854;0.0000;0.0000;0.0898;0.3955;0.4365;0.0762;0.0029;0.0000 
GGML_OP_MUL_MAT;blk.8.ffn_down.weight;4096;1024;1;-7.9007;1.0876;-0.0002;0.0697;0.0697;0.2640;0.0000;0.5498;0.4502;0.0012;0.0083;0.2300;0.2107;0.3015;0.2383;0.0095;0.0007 
GGML_OP_MUL;blk.9.attn_norm.weight;1024;1;1;0.1141;0.6895;0.5611;0.3172;0.0025;0.0495;0.0000;1.0000;0.0000;0.0000;0.0000;0.0000;0.0000;0.0000;0.0811;0.9199;0.0000 
GGML_OP_MUL_MAT;blk.9.attn_qkv.weight;1024;3072;1;-0.1700;0.9009;0.0068;0.0113;0.0112;0.1060;0.0010;0.4395;0.5596;0.0000;0.0000;0.1309;0.4287;0.2402;0.1992;0.0020;0.0000 
GGML_OP_MUL_MAT;blk.9.attn_output.weight;1024;1024;1;-0.9667;0.7975;-0.0076;0.0319;0.0318;0.1784;0.0000;0.4521;0.5479;0.0000;0.0088;0.2412;0.2979;0.2334;0.2090;0.0107;0.0000 
GGML_OP_MUL;blk.9.ffn_norm.weight;1024;1;1;-0.0000;1.4257;0.4427;0.1990;0.0030;0.0549;0.0000;0.9990;0.0010;0.0000;0.0000;0.0000;0.0010;0.0059;0.9883;0.0049;0.0010 
GGML_OP_MUL_MAT;blk.9.ffn_up.weight;1024;4096;1;-1.1309;1.8760;0.0014;0.0147;0.0147;0.1213;0.0000;0.4893;0.5107;0.0010;0.0049;0.0557;0.4492;0.4121;0.0723;0.0039;0.0020 
GGML_OP_MUL_MAT;blk.9.ffn_down.weight;4096;1024;1;-9.9708;1.1211;-0.0021;0.1020;0.1020;0.3194;0.0000;0.5454;0.4546;0.0015;0.0085;0.2334;0.2112;0.2874;0.2471;0.0110;0.0002 
GGML_OP_MUL;blk.10.attn_norm.weight;1024;1;1;0.0609;0.6238;0.5013;0.2539;0.0026;0.0509;0.0000;1.0000;0.0000;0.0000;0.0000;0.0000;0.0000;0.0049;0.4219;0.5742;0.0000 
GGML_OP_MUL_MAT;blk.10.attn_qkv.weight;1024;3072;1;-0.1700;0.5122;-0.0194;0.0060;0.0056;0.0748;0.0000;0.2236;0.7764;0.0000;0.0000;0.0957;0.6807;0.1523;0.0703;0.0020;0.0000 
GGML_OP_MUL_MAT;blk.10.attn_output.weight;1024;1024;1;-0.3856;0.5868;0.0284;0.0186;0.0178;0.1335;0.0000;0.6006;0.3994;0.0000;0.0000;0.1426;0.2568;0.3545;0.2451;0.0020;0.0000 
GGML_OP_MUL;blk.10.ffn_norm.weight;1024;1;1;0.0155;1.3280;0.4137;0.1736;0.0024;0.0489;0.0000;1.0000;0.0000;0.0000;0.0000;0.0000;0.0000;0.0049;0.9941;0.0010;0.0010 
GGML_OP_MUL_MAT;blk.10.ffn_up.weight;1024;4096;1;-0.7290;1.1875;0.0022;0.0090;0.0090;0.0950;0.0000;0.4883;0.5117;0.0000;0.0020;0.0615;0.4482;0.4111;0.0742;0.0029;0.0010 
GGML_OP_MUL_MAT;blk.10.ffn_down.weight;4096;1024;1;-9.3384;1.0051;-0.0010;0.0857;0.0857;0.2927;0.0000;0.5464;0.4536;0.0015;0.0081;0.2253;0.2188;0.2944;0.2434;0.0085;0.0002 
GGML_OP_MUL;blk.11.attn_norm.weight;1024;1;1;0.0895;0.6096;0.4958;0.2481;0.0023;0.0477;0.0000;1.0000;0.0000;0.0000;0.0000;0.0000;0.0000;0.0020;0.4814;0.5176;0.0000 
GGML_OP_MUL_MAT;blk.11.attn_qkv.weight;1024;3072;1;-0.1700;0.4907;-0.0247;0.0072;0.0065;0.0809;0.0000;0.2344;0.7656;0.0000;0.0000;0.1504;0.6152;0.1475;0.0869;0.0010;0.0000 
GGML_OP_MUL_MAT;blk.11.attn_output.weight;1024;1024;1;-1.2563;0.6556;-0.0271;0.0502;0.0495;0.2224;0.0000;0.4805;0.5195;0.0010;0.0371;0.2529;0.2285;0.2373;0.2363;0.0078;0.0000 
GGML_OP_MUL;blk.11.ffn_norm.weight;1024;1;1;0.0193;1.2695;0.3916;0.1553;0.0020;0.0446;0.0000;1.0000;0.0000;0.0000;0.0000;0.0000;0.0000;0.0020;0.9971;0.0010;0.0010 
GGML_OP_MUL_MAT;blk.11.ffn_up.weight;1024;4096;1;-0.2812;0.4185;0.0003;0.0038;0.0038;0.0615;0.0000;0.5107;0.4893;0.0000;0.0000;0.0479;0.4414;0.4736;0.0371;0.0010;0.0000 
GGML_OP_MUL_MAT;blk.11.ffn_down.weight;4096;1024;1;-8.8431;1.0850;-0.0002;0.0816;0.0816;0.2857;0.0000;0.5527;0.4473;0.0012;0.0063;0.2241;0.2156;0.3076;0.2385;0.0066;0.0002 
GGML_OP_MUL;blk.12.attn_norm.weight;1024;1;1;0.0790;0.6934;0.4938;0.2458;0.0020;0.0444;0.0000;1.0000;0.0000;0.0000;0.0000;0.0000;0.0000;0.0010;0.5195;0.4805;0.0000 
GGML_OP_MUL_MAT;blk.12.attn_qkv.weight;1024;3072;1;-0.1700;0.6958;-0.0361;0.0074;0.0061;0.0783;0.0010;0.2021;0.7969;0.0000;0.0000;0.1826;0.6143;0.1455;0.0566;0.0020;0.0000 
GGML_OP_MUL_MAT;blk.12.attn_output.weight;1024;1024;1;-0.2064;0.2204;-0.0068;0.0029;0.0028;0.0533;0.0000;0.4580;0.5420;0.0000;0.0000;0.0381;0.5039;0.4365;0.0215;0.0010;0.0000 
GGML_OP_MUL;blk.12.ffn_norm.weight;1024;1;1;0.0023;1.3380;0.3858;0.1510;0.0021;0.0461;0.0000;1.0000;0.0000;0.0000;0.0000;0.0000;0.0000;0.0029;0.9961;0.0010;0.0010 
GGML_OP_MUL_MAT;blk.12.ffn_up.weight;1024;4096;1;-0.4241;0.9717;0.0008;0.0058;0.0058;0.0762;0.0000;0.5059;0.4941;0.0000;0.0000;0.0518;0.4424;0.4492;0.0547;0.0029;0.0000 
GGML_OP_MUL_MAT;blk.12.ffn_down.weight;4096;1024;1;-9.5675;1.1030;-0.0014;0.0735;0.0735;0.2711;0.0000;0.5425;0.4575;0.0015;0.0059;0.2280;0.2222;0.2974;0.2380;0.0068;0.0005 
GGML_OP_MUL;blk.13.attn_norm.weight;1024;1;1;0.0695;0.6897;0.4427;0.1973;0.0013;0.0360;0.0000;1.0000;0.0000;0.0000;0.0000;0.0000;0.0000;0.0010;0.9932;0.0068;0.0000 
GGML_OP_MUL_MAT;blk.13.attn_qkv.weight;1024;3072;1;-0.1700;1.8359;-0.0375;0.0097;0.0083;0.0912;0.0000;0.1826;0.8174;0.0000;0.0000;0.1650;0.6523;0.1377;0.0439;0.0010;0.0010 
GGML_OP_MUL_MAT;blk.13.attn_output.weight;1024;1024;1;-0.2849;0.2281;-0.0023;0.0062;0.0062;0.0790;0.0000;0.5176;0.4824;0.0000;0.0000;0.1172;0.3652;0.4326;0.0850;0.0010;0.0000 
GGML_OP_MUL;blk.13.ffn_norm.weight;1024;1;1;0.0352;1.1850;0.3691;0.1379;0.0017;0.0408;0.0000;1.0000;0.0000;0.0000;0.0000;0.0000;0.0000;0.0029;0.9961;0.0010;0.0010 
GGML_OP_MUL_MAT;blk.13.ffn_up.weight;1024;4096;1;-0.5674;0.3906;0.0009;0.0035;0.0035;0.0589;0.0000;0.5088;0.4912;0.0000;0.0010;0.0293;0.4609;0.4736;0.0352;0.0010;0.0000 
GGML_OP_MUL_MAT;blk.13.ffn_down.weight;4096;1024;1;-8.4003;1.1131;0.0026;0.0664;0.0664;0.2577;0.0000;0.5608;0.4392;0.0015;0.0061;0.2122;0.2195;0.3193;0.2356;0.0056;0.0005 
GGML_OP_MUL;blk.14.attn_norm.weight;1024;1;1;0.0862;0.5872;0.4586;0.2115;0.0012;0.0353;0.0000;1.0000;0.0000;0.0000;0.0000;0.0000;0.0000;0.0010;0.9736;0.0264;0.0000 
GGML_OP_MUL_MAT;blk.14.attn_qkv.weight;1024;3072;1;-0.1700;0.4939;-0.0447;0.0074;0.0054;0.0736;0.0010;0.1846;0.8145;0.0000;0.0000;0.2061;0.6084;0.1357;0.0498;0.0010;0.0000 
GGML_OP_MUL_MAT;blk.14.attn_output.weight;1024;1024;1;-0.2905;0.2970;-0.0045;0.0066;0.0066;0.0812;0.0000;0.4717;0.5283;0.0000;0.0000;0.1113;0.4170;0.3750;0.0967;0.0010;0.0000 
GGML_OP_MUL;blk.14.ffn_norm.weight;1024;1;1;0.0161;1.1987;0.3665;0.1360;0.0017;0.0417;0.0000;1.0000;0.0000;0.0000;0.0000;0.0000;0.0000;0.0039;0.9951;0.0010;0.0010 
GGML_OP_MUL_MAT;blk.14.ffn_up.weight;1024;4096;1;-0.5874;0.2205;-0.0002;0.0033;0.0033;0.0575;0.0000;0.4941;0.5059;0.0000;0.0010;0.0283;0.4766;0.4639;0.0303;0.0010;0.0000 
GGML_OP_MUL_MAT;blk.14.ffn_down.weight;4096;1024;1;-8.5465;1.1343;0.0030;0.0584;0.0584;0.2417;0.0000;0.5601;0.4399;0.0015;0.0054;0.2188;0.2144;0.3149;0.2373;0.0076;0.0005 
GGML_OP_MUL;blk.15.attn_norm.weight;1024;1;1;0.0890;0.6035;0.4431;0.1975;0.0011;0.0336;0.0000;1.0000;0.0000;0.0000;0.0000;0.0000;0.0000;0.0020;0.9941;0.0049;0.0000 
GGML_OP_MUL_MAT;blk.15.attn_qkv.weight;1024;3072;1;-0.1700;0.3254;-0.0536;0.0075;0.0046;0.0678;0.0000;0.1514;0.8486;0.0000;0.0000;0.2314;0.6172;0.1211;0.0303;0.0010;0.0000 
GGML_OP_MUL_MAT;blk.15.attn_output.weight;1024;1024;1;-0.2506;0.1564;-0.0034;0.0027;0.0026;0.0515;0.0000;0.4883;0.5117;0.0000;0.0000;0.0381;0.4736;0.4756;0.0127;0.0010;0.0000 
GGML_OP_MUL;blk.15.ffn_norm.weight;1024;1;1;0.0299;1.0754;0.3636;0.1337;0.0015;0.0388;0.0000;1.0000;0.0000;0.0000;0.0000;0.0000;0.0000;0.0039;0.9941;0.0020;0.0010 
GGML_OP_MUL_MAT;blk.15.ffn_up.weight;1024;4096;1;-0.5908;0.5776;-0.0011;0.0061;0.0061;0.0783;0.0000;0.5078;0.4922;0.0000;0.0010;0.0771;0.4141;0.4473;0.0596;0.0020;0.0000 
GGML_OP_MUL_MAT;blk.15.ffn_down.weight;4096;1024;1;-7.5771;1.2632;0.0044;0.0529;0.0529;0.2300;0.0000;0.5657;0.4343;0.0012;0.0071;0.2170;0.2090;0.3220;0.2351;0.0083;0.0005 
GGML_OP_MUL;blk.16.attn_norm.weight;1024;1;1;0.0725;0.7741;0.4408;0.1955;0.0012;0.0349;0.0000;1.0000;0.0000;0.0000;0.0000;0.0000;0.0000;0.0029;0.9922;0.0059;0.0000 
GGML_OP_MUL_MAT;blk.16.attn_qkv.weight;1024;3072;1;-0.1700;0.2585;-0.0596;0.0094;0.0058;0.0763;0.0000;0.1670;0.8330;0.0000;0.0000;0.3223;0.5107;0.1191;0.0479;0.0010;0.0000 
GGML_OP_MUL_MAT;blk.16.attn_output.weight;1024;1024;1;-0.5725;0.5625;-0.0130;0.0209;0.0207;0.1440;0.0000;0.4756;0.5244;0.0000;0.0020;0.2139;0.3086;0.3184;0.1543;0.0039;0.0000 
GGML_OP_MUL;blk.16.ffn_norm.weight;1024;1;1;0.0220;0.9857;0.3685;0.1372;0.0014;0.0370;0.0000;1.0000;0.0000;0.0000;0.0000;0.0000;0.0000;0.0029;0.9951;0.0029;0.0000 
GGML_OP_MUL_MAT;blk.16.ffn_up.weight;1024;4096;1;-0.2607;0.2103;-0.0005;0.0022;0.0022;0.0465;0.0000;0.5068;0.4932;0.0000;0.0000;0.0146;0.4785;0.4902;0.0166;0.0010;0.0000 
GGML_OP_MUL_MAT;blk.16.ffn_down.weight;4096;1024;1;-6.7887;1.3768;0.0050;0.0580;0.0579;0.2407;0.0000;0.5664;0.4336;0.0012;0.0066;0.2144;0.2114;0.3176;0.2410;0.0076;0.0005 
GGML_OP_MUL;blk.17.attn_norm.weight;1024;1;1;0.0725;0.6074;0.4393;0.1940;0.0010;0.0320;0.0000;1.0000;0.0000;0.0000;0.0000;0.0000;0.0000;0.0029;0.9922;0.0059;0.0000 
GGML_OP_MUL_MAT;blk.17.attn_qkv.weight;1024;3072;1;-0.1700;6.0195;-0.0700;0.0454;0.0405;0.2013;0.0000;0.0967;0.9033;0.0000;0.0000;0.3828;0.5205;0.0791;0.0166;0.0010;0.0010 
GGML_OP_MUL_MAT;blk.17.attn_output.weight;1024;1024;1;-1.0853;0.5422;0.0065;0.0161;0.0161;0.1269;0.0000;0.5303;0.4697;0.0010;0.0029;0.1514;0.3145;0.3389;0.1885;0.0039;0.0000 
GGML_OP_MUL;blk.17.ffn_norm.weight;1024;1;1;0.0120;0.8718;0.3796;0.1455;0.0013;0.0366;0.0000;1.0000;0.0000;0.0000;0.0000;0.0000;0.0000;0.0049;0.9932;0.0029;0.0000 
GGML_OP_MUL_MAT;blk.17.ffn_up.weight;1024;4096;1;-0.3254;0.5850;0.0006;0.0039;0.0039;0.0623;0.0000;0.4922;0.5078;0.0000;0.0000;0.0322;0.4756;0.4551;0.0361;0.0020;0.0000 
GGML_OP_MUL_MAT;blk.17.ffn_down.weight;4096;1024;1;-5.9643;1.5348;0.0055;0.0459;0.0459;0.2142;0.0000;0.5679;0.4321;0.0012;0.0068;0.2173;0.2068;0.3220;0.2375;0.0081;0.0005 
GGML_OP_MUL;blk.18.attn_norm.weight;1024;1;1;0.0679;0.6207;0.4475;0.2013;0.0010;0.0323;0.0000;1.0000;0.0000;0.0000;0.0000;0.0000;0.0000;0.0029;0.9863;0.0117;0.0000 
GGML_OP_MUL_MAT;blk.18.attn_qkv.weight;1024;3072;1;-0.1700;0.3142;-0.0644;0.0102;0.0060;0.0775;0.0000;0.1758;0.8242;0.0000;0.0000;0.3672;0.4570;0.1445;0.0312;0.0010;0.0000 
GGML_OP_MUL_MAT;blk.18.attn_output.weight;1024;1024;1;-1.0545;0.9909;0.0196;0.0264;0.0260;0.1613;0.0000;0.5654;0.4346;0.0020;0.0029;0.1338;0.2959;0.3789;0.1709;0.0166;0.0000 
GGML_OP_MUL;blk.18.ffn_norm.weight;1024;1;1;0.0114;0.8028;0.3914;0.1546;0.0014;0.0369;0.0000;1.0000;0.0000;0.0000;0.0000;0.0000;0.0000;0.0029;0.9922;0.0059;0.0000 
GGML_OP_MUL_MAT;blk.18.ffn_up.weight;1024;4096;1;-0.4189;0.3223;0.0004;0.0038;0.0038;0.0617;0.0000;0.5020;0.4980;0.0000;0.0000;0.0391;0.4590;0.4678;0.0342;0.0010;0.0000 
GGML_OP_MUL_MAT;blk.18.ffn_down.weight;4096;1024;1;-5.4339;1.7774;0.0056;0.0456;0.0456;0.2136;0.0000;0.5759;0.4241;0.0012;0.0076;0.2148;0.2004;0.3328;0.2356;0.0073;0.0005 
GGML_OP_MUL;blk.19.attn_norm.weight;1024;1;1;0.0618;0.6904;0.4782;0.2300;0.0013;0.0359;0.0000;1.0000;0.0000;0.0000;0.0000;0.0000;0.0000;0.0029;0.8818;0.1162;0.0000 
GGML_OP_MUL_MAT;blk.19.attn_qkv.weight;1024;3072;1;-0.1700;2.8340;-0.0675;0.0196;0.0150;0.1227;0.0000;0.1689;0.8311;0.0000;0.0000;0.4199;0.4111;0.1270;0.0410;0.0010;0.0010 
GGML_OP_MUL_MAT;blk.19.attn_output.weight;1024;1024;1;-2.1341;2.0581;0.0723;0.2001;0.1949;0.4414;0.0000;0.5391;0.4609;0.0117;0.0381;0.1436;0.2676;0.2725;0.1611;0.0576;0.0488 
GGML_OP_MUL;blk.19.ffn_norm.weight;1024;1;1;0.0123;0.7781;0.4126;0.1717;0.0015;0.0392;0.0000;1.0000;0.0000;0.0000;0.0000;0.0000;0.0000;0.0039;0.9863;0.0107;0.0000 
GGML_OP_MUL_MAT;blk.19.ffn_up.weight;1024;4096;1;-0.2737;0.5854;0.0001;0.0042;0.0042;0.0648;0.0000;0.4844;0.5156;0.0000;0.0000;0.0430;0.4727;0.4375;0.0459;0.0020;0.0000 
GGML_OP_MUL_MAT;blk.19.ffn_down.weight;4096;1024;1;-5.1737;1.8752;0.0054;0.0435;0.0435;0.2085;0.0000;0.5754;0.4246;0.0012;0.0083;0.2141;0.2009;0.3374;0.2314;0.0063;0.0005 
GGML_OP_MUL;blk.20.attn_norm.weight;1024;1;1;0.0656;0.7756;0.4933;0.2448;0.0015;0.0383;0.0000;1.0000;0.0000;0.0000;0.0000;0.0000;0.0000;0.0029;0.6074;0.3906;0.0000 
GGML_OP_MUL_MAT;blk.20.attn_qkv.weight;1024;3072;1;-0.1700;0.4224;-0.0694;0.0146;0.0097;0.0987;0.0000;0.1904;0.8096;0.0000;0.0000;0.5010;0.3086;0.1182;0.0723;0.0010;0.0000 
GGML_OP_MUL_MAT;blk.20.attn_output.weight;1024;1024;1;-0.3416;0.2191;-0.0084;0.0064;0.0063;0.0794;0.0000;0.4414;0.5586;0.0000;0.0000;0.1064;0.4521;0.3613;0.0801;0.0010;0.0000 
GGML_OP_MUL;blk.20.ffn_norm.weight;1024;1;1;0.0120;0.6989;0.4388;0.1942;0.0017;0.0410;0.0000;1.0000;0.0000;0.0000;0.0000;0.0000;0.0000;0.0029;0.9766;0.0215;0.0000 
GGML_OP_MUL_MAT;blk.20.ffn_up.weight;1024;4096;1;-0.4343;0.3374;-0.0036;0.0053;0.0053;0.0730;0.0000;0.4902;0.5098;0.0000;0.0000;0.0723;0.4375;0.4346;0.0557;0.0010;0.0000 
GGML_OP_MUL_MAT;blk.20.ffn_down.weight;4096;1024;1;-4.5814;1.8897;0.0037;0.0453;0.0453;0.2128;0.0000;0.5833;0.4167;0.0012;0.0090;0.2141;0.1924;0.3506;0.2271;0.0054;0.0005 
GGML_OP_MUL;blk.21.attn_norm.weight;1024;1;1;0.0717;0.8580;0.5356;0.2884;0.0016;0.0403;0.0000;1.0000;0.0000;0.0000;0.0000;0.0000;0.0000;0.0029;0.0234;0.9746;0.0000 
GGML_OP_MUL_MAT;blk.21.attn_qkv.weight;1024;3072;1;-0.1700;0.5967;-0.0837;0.0167;0.0097;0.0987;0.0000;0.1689;0.8311;0.0000;0.0000;0.5898;0.2412;0.1094;0.0576;0.0029;0.0000 
GGML_OP_MUL_MAT;blk.21.attn_output.weight;1024;1024;1;-0.6312;1.0944;-0.0042;0.0340;0.0340;0.1844;0.0000;0.4746;0.5254;0.0000;0.0078;0.2334;0.2842;0.2510;0.2080;0.0156;0.0010 
GGML_OP_MUL;blk.21.ffn_norm.weight;1024;1;1;0.0170;0.8024;0.4795;0.2321;0.0022;0.0469;0.0000;1.0000;0.0000;0.0000;0.0000;0.0000;0.0000;0.0039;0.8447;0.1523;0.0000 
GGML_OP_MUL_MAT;blk.21.ffn_up.weight;1024;4096;1;-0.3306;0.7109;0.0001;0.0058;0.0058;0.0765;0.0000;0.4951;0.5049;0.0000;0.0000;0.0645;0.4404;0.4268;0.0674;0.0020;0.0000 
GGML_OP_MUL_MAT;blk.21.ffn_down.weight;4096;1024;1;-3.9902;2.1323;0.0046;0.0393;0.0393;0.1982;0.0000;0.5957;0.4043;0.0012;0.0083;0.2151;0.1797;0.3635;0.2268;0.0051;0.0005 
GGML_OP_MUL;blk.22.attn_norm.weight;1024;1;1;0.0811;1.0586;0.6083;0.3727;0.0027;0.0524;0.0000;1.0000;0.0000;0.0000;0.0000;0.0000;0.0000;0.0029;0.0146;0.9824;0.0010 
GGML_OP_MUL_MAT;blk.22.attn_qkv.weight;1024;3072;1;-0.1700;0.6470;-0.0555;0.0205;0.0174;0.1321;0.0000;0.2568;0.7432;0.0000;0.0000;0.5254;0.2178;0.1230;0.1289;0.0059;0.0000 
GGML_OP_MUL_MAT;blk.22.attn_output.weight;1024;1024;1;-1.2046;1.0032;-0.0175;0.0407;0.0403;0.2009;0.0000;0.4551;0.5449;0.0010;0.0264;0.1797;0.3379;0.2930;0.1416;0.0205;0.0010 
GGML_OP_MUL;blk.22.ffn_norm.weight;1024;1;1;0.0213;0.9434;0.5592;0.3161;0.0033;0.0577;0.0000;1.0000;0.0000;0.0000;0.0000;0.0000;0.0000;0.0049;0.0137;0.9824;0.0000 
GGML_OP_MUL_MAT;blk.22.ffn_up.weight;1024;4096;1;-0.8433;0.9038;-0.0017;0.0139;0.0139;0.1178;0.0000;0.4912;0.5088;0.0000;0.0029;0.1416;0.3643;0.3682;0.1201;0.0039;0.0000 
GGML_OP_MUL_MAT;blk.22.ffn_down.weight;4096;1024;1;-5.0384;2.0562;0.0092;0.0424;0.0423;0.2057;0.0000;0.6160;0.3840;0.0012;0.0088;0.2048;0.1692;0.3818;0.2275;0.0061;0.0007 
GGML_OP_MUL;blk.23.attn_norm.weight;1024;1;1;0.1194;1.0612;0.7095;0.5067;0.0034;0.0581;0.0000;1.0000;0.0000;0.0000;0.0000;0.0000;0.0000;0.0000;0.0107;0.9893;0.0010 
GGML_OP_MUL_MAT;blk.23.attn_qkv.weight;1024;3072;1;-0.1700;4.4453;0.0901;0.2333;0.2252;0.4745;0.0000;0.3291;0.6709;0.0000;0.0000;0.4971;0.1738;0.0664;0.1465;0.0693;0.0479 
GGML_OP_MUL_MAT;blk.23.attn_output.weight;1024;1024;1;-0.9748;0.7150;-0.0263;0.0529;0.0522;0.2284;0.0000;0.4551;0.5449;0.0000;0.0332;0.2998;0.2119;0.1738;0.2754;0.0068;0.0000 
GGML_OP_MUL;blk.23.ffn_norm.weight;1024;1;1;0.0415;1.2371;0.6784;0.4656;0.0054;0.0732;0.0000;1.0000;0.0000;0.0000;0.0000;0.0000;0.0000;0.0010;0.0137;0.9814;0.0049 
GGML_OP_MUL_MAT;blk.23.ffn_up.weight;1024;4096;1;-0.1700;3.0957;-0.0677;0.0701;0.0655;0.2559;0.0000;0.1279;0.8721;0.0000;0.0000;0.7217;0.1504;0.0303;0.0674;0.0215;0.0098 
GGML_OP_MUL_MAT;blk.23.ffn_down.weight;4096;1024;1;-1885.8641;335.2615;-7.9433;1492.0016;1428.9059;37.8009;0.0000;0.4448;0.5552;0.3640;0.0403;0.0837;0.0671;0.0754;0.0940;0.0337;0.2419 
GGML_OP_MUL;output_norm.weight;1024;1;1;0.0160;19.2128;1.6960;4.2578;1.3813;1.1753;0.0000;1.0000;0.0000;0.0000;0.0000;0.0000;0.0000;0.0010;0.0059;0.0029;0.9912 
GGML_OP_MUL_MAT;output.weight;1024;50257;1;-592.2098;576.7933;0.8131;1371.9995;1371.3383;37.0316;0.0000;0.5303;0.4697;0.4170;0.0283;0.0166;0.0078;0.0049;0.0225;0.0312;0.4727 
GGML_OP_MUL;blk.0.attn_norm.weight;1024;1;1;0.0182;0.0862;0.0516;0.0027;0.0001;0.0079;0.0000;1.0000;0.0000;0.0000;0.0000;0.0000;0.0000;1.0000;0.0000;0.0010;0.0000 
GGML_OP_MUL_MAT;blk.0.attn_qkv.weight;1024;3072;1;0.0000;1.0000;0.0156;0.0104;0.0102;0.1010;0.8672;0.1328;0.0000;0.0000;0.0000;0.0000;0.0000;0.9785;0.0059;0.0156;0.0010 
GGML_OP_MUL_MAT;blk.0.attn_output.weight;1024;1024;1;-0.1083;0.1450;0.0002;0.0003;0.0003;0.0167;0.0000;0.4834;0.5166;0.0000;0.0000;0.0010;0.5156;0.4805;0.0029;0.0010;0.0000 
GGML_OP_MUL;blk.0.ffn_norm.weight;1024;1;1;0.0322;0.3459;0.2084;0.0440;0.0006;0.0250;0.0000;1.0000;0.0000;0.0000;0.0000;0.0000;0.0000;0.0166;0.9834;0.0010;0.0000 
GGML_OP_MUL_MAT;blk.0.ffn_up.weight;1024;4096;1;-0.1083;0.1450;0.0002;0.0003;0.0003;0.0167;0.0000;0.4834;0.5166;0.0000;0.0000;0.0010;0.5156;0.4805;0.0029;0.0010;0.0000 
GGML_OP_MUL_MAT;blk.0.ffn_down.weight;4096;1024;1;-120.0197;2.6485;-81.8238;8933.0819;2237.9401;47.3069;0.0000;0.1262;0.8738;0.7502;0.0007;0.0710;0.0518;0.0549;0.0706;0.0005;0.0005 
GGML_OP_MUL;blk.1.attn_norm.weight;1024;1;1;0.1003;0.7659;0.3603;0.1333;0.0035;0.0590;0.0000;1.0000;0.0000;0.0000;0.0000;0.0000;0.0000;0.0000;0.9785;0.0225;0.0000 
GGML_OP_MUL_MAT;blk.1.attn_qkv.weight;1024;3072;1;-0.1700;5.8398;-0.0385;0.0474;0.0459;0.2142;0.0010;0.0283;0.9707;0.0000;0.0000;0.1914;0.7793;0.0127;0.0127;0.0029;0.0020 
GGML_OP_MUL_MAT;blk.1.attn_output.weight;1024;1024;1;-2.1385;2.3317;-0.0008;0.0718;0.0718;0.2680;0.0000;0.4951;0.5049;0.0078;0.0156;0.1572;0.3242;0.3320;0.1396;0.0146;0.0098 
GGML_OP_MUL;blk.1.ffn_norm.weight;1024;1;1;0.0669;0.6670;0.3874;0.1522;0.0022;0.0467;0.0000;1.0000;0.0000;0.0000;0.0000;0.0000;0.0000;0.0010;0.9854;0.0146;0.0000 
GGML_OP_MUL_MAT;blk.1.ffn_up.weight;1024;4096;1;-2.1385;2.3317;-0.0008;0.0718;0.0718;0.2680;0.0000;0.4951;0.5049;0.0078;0.0156;0.1572;0.3242;0.3320;0.1396;0.0146;0.0098 
GGML_OP_MUL_MAT;blk.1.ffn_down.weight;4096;1024;1;-120.0197;1.0678;-81.8251;8933.0778;2237.7227;47.3046;0.0000;0.1267;0.8733;0.7507;0.0005;0.0342;0.0879;0.0928;0.0327;0.0012;0.0002 
GGML_OP_MUL;blk.2.attn_norm.weight;1024;1;1;0.0925;0.6460;0.2923;0.0872;0.0018;0.0421;0.0000;1.0000;0.0000;0.0000;0.0000;0.0000;0.0000;0.0020;0.9932;0.0059;0.0000 
GGML_OP_MUL_MAT;blk.2.attn_qkv.weight;1024;3072;1;-0.1700;1.7803;-0.0231;0.0103;0.0098;0.0988;0.0000;0.2666;0.7334;0.0000;0.0000;0.1143;0.6191;0.2148;0.0488;0.0029;0.0010 
GGML_OP_MUL_MAT;blk.2.attn_output.weight;1024;1024;1;-2.9196;3.3356;-0.0017;0.1283;0.1283;0.3582;0.0000;0.4951;0.5049;0.0127;0.0137;0.1875;0.2910;0.2998;0.1650;0.0156;0.0156 
GGML_OP_MUL;blk.2.ffn_norm.weight;1024;1;1;0.0477;0.6265;0.4367;0.1938;0.0031;0.0560;0.0000;1.0000;0.0000;0.0000;0.0000;0.0000;0.0000;0.0059;0.9316;0.0635;0.0000 
GGML_OP_MUL_MAT;blk.2.ffn_up.weight;1024;4096;1;-2.9196;3.3356;-0.0017;0.1283;0.1283;0.3582;0.0000;0.4951;0.5049;0.0127;0.0137;0.1875;0.2910;0.2998;0.1650;0.0156;0.0156 
GGML_OP_MUL_MAT;blk.2.ffn_down.weight;4096;1024;1;-120.0197;1.3812;-81.8240;8933.0772;2237.9073;47.3065;0.0000;0.1335;0.8665;0.7507;0.0007;0.0405;0.0745;0.0889;0.0437;0.0007;0.0005 
GGML_OP_MUL;blk.3.attn_norm.weight;1024;1;1;0.0847;0.7597;0.3454;0.1214;0.0022;0.0465;0.0000;1.0000;0.0000;0.0000;0.0000;0.0000;0.0000;0.0020;0.9941;0.0049;0.0000 
GGML_OP_MUL_MAT;blk.3.attn_qkv.weight;1024;3072;1;-0.1700;0.6323;-0.0136;0.0099;0.0098;0.0988;0.0000;0.2803;0.7197;0.0000;0.0000;0.1670;0.5527;0.1543;0.1230;0.0039;0.0000 
GGML_OP_MUL_MAT;blk.3.attn_output.weight;1024;1024;1;-2.2933;2.0131;0.0028;0.0668;0.0668;0.2585;0.0000;0.4883;0.5117;0.0078;0.0068;0.1787;0.3184;0.2803;0.1895;0.0098;0.0098 
GGML_OP_MUL;blk.3.ffn_norm.weight;1024;1;1;-0.0003;0.6466;0.5041;0.2592;0.0050;0.0707;0.0000;0.9980;0.0020;0.0000;0.0000;0.0000;0.0020;0.0088;0.3770;0.6133;0.0000 
GGML_OP_MUL_MAT;blk.3.ffn_up.weight;1024;4096;1;-2.2933;2.0131;0.0028;0.0668;0.0668;0.2585;0.0000;0.4883;0.5117;0.0078;0.0068;0.1787;0.3184;0.2803;0.1895;0.0098;0.0098 
GGML_OP_MUL_MAT;blk.3.ffn_down.weight;4096;1024;1;-120.0197;1.3805;-81.8221;8933.0790;2238.2304;47.3099;0.0000;0.1328;0.8672;0.7505;0.0010;0.0408;0.0750;0.0769;0.0549;0.0007;0.0005 
GGML_OP_MUL;blk.4.attn_norm.weight;1024;1;1;0.0599;0.5818;0.4517;0.2067;0.0027;0.0524;0.0000;1.0000;0.0000;0.0000;0.0000;0.0000;0.0000;0.0020;0.8584;0.1406;0.0000 
GGML_OP_MUL_MAT;blk.4.attn_qkv.weight;1024;3072;1;-0.1700;1.2432;-0.0585;0.0097;0.0063;0.0793;0.0000;0.0898;0.9102;0.0000;0.0000;0.2656;0.6445;0.0615;0.0273;0.0010;0.0010 
GGML_OP_MUL_MAT;blk.4.attn_output.weight;1024;1024;1;-1.4154;1.3673;-0.0029;0.0283;0.0283;0.1681;0.0000;0.5020;0.4980;0.0029;0.0088;0.1494;0.3369;0.3467;0.1455;0.0088;0.0020 
GGML_OP_MUL;blk.4.ffn_norm.weight;1024;1;1;0.0000;1.1758;0.5082;0.2630;0.0047;0.0687;0.0000;1.0000;0.0000;0.0000;0.0000;0.0000;0.0000;0.0088;0.3359;0.6553;0.0010 
GGML_OP_MUL_MAT;blk.4.ffn_up.weight;1024;4096;1;-1.4154;1.3673;-0.0029;0.0283;0.0283;0.1681;0.0000;0.5020;0.4980;0.0029;0.0088;0.1494;0.3369;0.3467;0.1455;0.0088;0.0020 
GGML_OP_MUL_MAT;blk.4.ffn_down.weight;4096;1024;1;-120.0197;1.2315;-81.8222;8933.0791;2238.2000;47.3096;0.0000;0.1343;0.8657;0.7505;0.0012;0.0396;0.0745;0.0757;0.0576;0.0007;0.0005 
GGML_OP_MUL;blk.5.attn_norm.weight;1024;1;1;0.0539;0.6036;0.4833;0.2363;0.0027;0.0523;0.0000;1.0000;0.0000;0.0000;0.0000;0.0000;0.0000;0.0020;0.6172;0.3818;0.0000 
GGML_OP_MUL_MAT;blk.5.attn_qkv.weight;1024;3072;1;-0.1700;0.5225;-0.0728;0.0120;0.0067;0.0819;0.0010;0.0869;0.9121;0.0000;0.0000;0.3916;0.5205;0.0459;0.0410;0.0020;0.0000 
GGML_OP_MUL_MAT;blk.5.attn_output.weight;1024;1024;1;-0.7489;1.2237;0.0075;0.0222;0.0222;0.1489;0.0000;0.5039;0.4961;0.0000;0.0068;0.1279;0.3613;0.3516;0.1416;0.0088;0.0029 
GGML_OP_MUL;blk.5.ffn_norm.weight;1024;1;1;0.0296;1.2569;0.4868;0.2406;0.0037;0.0604;0.0000;1.0000;0.0000;0.0000;0.0000;0.0000;0.0000;0.0059;0.5762;0.4180;0.0010 
GGML_OP_MUL_MAT;blk.5.ffn_up.weight;1024;4096;1;-0.7489;1.2237;0.0075;0.0222;0.0222;0.1489;0.0000;0.5039;0.4961;0.0000;0.0068;0.1279;0.3613;0.3516;0.1416;0.0088;0.0029 
GGML_OP_MUL_MAT;blk.5.ffn_down.weight;4096;1024;1;-120.0197;1.7281;-81.8235;8933.0821;2237.9925;47.3074;0.0000;0.1282;0.8718;0.7507;0.0012;0.0476;0.0723;0.0671;0.0601;0.0010;0.0002 
GGML_OP_MUL;blk.6.attn_norm.weight;1024;1;1;0.1034;0.6661;0.5352;0.2889;0.0024;0.0492;0.0000;1.0000;0.0000;0.0000;0.0000;0.0000;0.0000;0.0000;0.1709;0.8301;0.0000 
GGML_OP_MUL_MAT;blk.6.attn_qkv.weight;1024;3072;1;-0.1700;1.8193;-0.0642;0.0199;0.0158;0.1257;0.0010;0.0889;0.9102;0.0000;0.0000;0.3965;0.5137;0.0430;0.0410;0.0039;0.0029 
GGML_OP_MUL_MAT;blk.6.attn_output.weight;1024;1024;1;-1.4422;2.5242;-0.0025;0.0354;0.0354;0.1881;0.0000;0.4688;0.5312;0.0049;0.0039;0.1230;0.3994;0.3477;0.1143;0.0029;0.0049 
GGML_OP_MUL;blk.6.ffn_norm.weight;1024;1;1;0.0003;1.3140;0.4831;0.2371;0.0037;0.0609;0.0000;1.0000;0.0000;0.0000;0.0000;0.0000;0.0000;0.0059;0.6309;0.3633;0.0010 
GGML_OP_MUL_MAT;blk.6.ffn_up.weight;1024;4096;1;-1.4422;2.5242;-0.0025;0.0354;0.0354;0.1881;0.0000;0.4688;0.5312;0.0049;0.0039;0.1230;0.3994;0.3477;0.1143;0.0029;0.0049 
GGML_OP_MUL_MAT;blk.6.ffn_down.weight;4096;1024;1;-120.0197;1.6767;-81.8237;8933.0833;2237.9676;47.3072;0.0000;0.1301;0.8699;0.7507;0.0010;0.0544;0.0637;0.0647;0.0642;0.0010;0.0005 
GGML_OP_MUL;blk.7.attn_norm.weight;1024;1;1;0.0896;0.6350;0.5241;0.2768;0.0021;0.0462;0.0000;1.0000;0.0000;0.0000;0.0000;0.0000;0.0000;0.0010;0.2246;0.7754;0.0000 
GGML_OP_MUL_MAT;blk.7.attn_qkv.weight;1024;3072;1;-0.1700;3.2402;-0.0704;0.0253;0.0203;0.1426;0.0000;0.0967;0.9033;0.0000;0.0000;0.4639;0.4395;0.0400;0.0537;0.0029;0.0010 
GGML_OP_MUL_MAT;blk.7.attn_output.weight;1024;1024;1;-1.1288;1.9233;0.0070;0.0160;0.0159;0.1262;0.0000;0.5039;0.4961;0.0010;0.0010;0.0869;0.4072;0.4023;0.0967;0.0049;0.0010 
GGML_OP_MUL;blk.7.ffn_norm.weight;1024;1;1;0.0073;1.4238;0.4831;0.2370;0.0036;0.0602;0.0000;1.0000;0.0000;0.0000;0.0000;0.0000;0.0000;0.0059;0.6572;0.3369;0.0010 
GGML_OP_MUL_MAT;blk.7.ffn_up.weight;1024;4096;1;-1.1288;1.9233;0.0070;0.0160;0.0159;0.1262;0.0000;0.5039;0.4961;0.0010;0.0010;0.0869;0.4072;0.4023;0.0967;0.0049;0.0010 
GGML_OP_MUL_MAT;blk.7.ffn_down.weight;4096;1024;1;-120.0197;1.5566;-81.8240;8933.0858;2237.9222;47.3067;0.0000;0.1323;0.8677;0.7510;0.0010;0.0569;0.0588;0.0640;0.0669;0.0012;0.0005 
GGML_OP_MUL;blk.8.attn_norm.weight;1024;1;1;0.0750;0.5901;0.4865;0.2387;0.0020;0.0444;0.0000;1.0000;0.0000;0.0000;0.0000;0.0000;0.0000;0.0010;0.5879;0.4121;0.0000 
GGML_OP_MUL_MAT;blk.8.attn_qkv.weight;1024;3072;1;-0.1700;4.7383;-0.0525;0.0366;0.0338;0.1839;0.0000;0.1162;0.8838;0.0000;0.0000;0.3594;0.5244;0.0527;0.0586;0.0049;0.0010 
GGML_OP_MUL_MAT;blk.8.attn_output.weight;1024;1024;1;-0.4365;1.2573;0.0003;0.0138;0.0138;0.1176;0.0000;0.5010;0.4990;0.0000;0.0000;0.1357;0.3633;0.3857;0.1123;0.0029;0.0010 
GGML_OP_MUL;blk.8.ffn_norm.weight;1024;1;1;0.0180;1.1445;0.4305;0.1876;0.0023;0.0476;0.0000;1.0000;0.0000;0.0000;0.0000;0.0000;0.0000;0.0049;0.9941;0.0010;0.0010 
GGML_OP_MUL_MAT;blk.8.ffn_up.weight;1024;4096;1;-0.4365;1.2573;0.0003;0.0138;0.0138;0.1176;0.0000;0.5010;0.4990;0.0000;0.0000;0.1357;0.3633;0.3857;0.1123;0.0029;0.0010 
GGML_OP_MUL_MAT;blk.8.ffn_down.weight;4096;1024;1;-120.0197;1.6973;-81.8244;8933.0839;2237.8454;47.3059;0.0000;0.1301;0.8699;0.7507;0.0010;0.0408;0.0774;0.0803;0.0491;0.0005;0.0005 
GGML_OP_MUL;blk.9.attn_norm.weight;1024;1;1;0.1141;0.6895;0.5611;0.3172;0.0025;0.0495;0.0000;1.0000;0.0000;0.0000;0.0000;0.0000;0.0000;0.0000;0.0811;0.9199;0.0000 
GGML_OP_MUL_MAT;blk.9.attn_qkv.weight;1024;3072;1;-0.1700;3.0996;-0.0574;0.0300;0.0267;0.1634;0.0000;0.1914;0.8086;0.0000;0.0000;0.5000;0.3086;0.0898;0.0928;0.0088;0.0010 
GGML_OP_MUL_MAT;blk.9.attn_output.weight;1024;1024;1;-1.3199;2.3083;0.0022;0.0214;0.0214;0.1462;0.0000;0.4912;0.5088;0.0010;0.0059;0.0889;0.4131;0.3740;0.1133;0.0029;0.0020 
GGML_OP_MUL;blk.9.ffn_norm.weight;1024;1;1;-0.0000;1.4257;0.4427;0.1990;0.0030;0.0549;0.0000;0.9990;0.0010;0.0000;0.0000;0.0000;0.0010;0.0059;0.9883;0.0049;0.0010 
GGML_OP_MUL_MAT;blk.9.ffn_up.weight;1024;4096;1;-1.3199;2.3083;0.0022;0.0214;0.0214;0.1462;0.0000;0.4912;0.5088;0.0010;0.0059;0.0889;0.4131;0.3740;0.1133;0.0029;0.0020 
GGML_OP_MUL_MAT;blk.9.ffn_down.weight;4096;1024;1;-120.0197;1.9063;-81.8249;8933.0909;2237.7724;47.3051;0.0000;0.1326;0.8674;0.7507;0.0005;0.0371;0.0791;0.0840;0.0483;0.0002;0.0002 
GGML_OP_MUL;blk.10.attn_norm.weight;1024;1;1;0.0609;0.6238;0.5013;0.2539;0.0026;0.0509;0.0000;1.0000;0.0000;0.0000;0.0000;0.0000;0.0000;0.0049;0.4219;0.5742;0.0000 
GGML_OP_MUL_MAT;blk.10.attn_qkv.weight;1024;3072;1;-0.1700;0.7773;-0.0664;0.0133;0.0088;0.0940;0.0000;0.1191;0.8809;0.0000;0.0000;0.4004;0.4805;0.0625;0.0557;0.0020;0.0000 
GGML_OP_MUL_MAT;blk.10.attn_output.weight;1024;1024;1;-0.6618;1.1702;0.0035;0.0139;0.0139;0.1178;0.0000;0.4834;0.5166;0.0000;0.0010;0.0957;0.4199;0.3760;0.1016;0.0059;0.0010 
GGML_OP_MUL;blk.10.ffn_norm.weight;1024;1;1;0.0155;1.3280;0.4137;0.1736;0.0024;0.0489;0.0000;1.0000;0.0000;0.0000;0.0000;0.0000;0.0000;0.0049;0.9941;0.0010;0.0010 
GGML_OP_MUL_MAT;blk.10.ffn_up.weight;1024;4096;1;-0.6618;1.1702;0.0035;0.0139;0.0139;0.1178;0.0000;0.4834;0.5166;0.0000;0.0010;0.0957;0.4199;0.3760;0.1016;0.0059;0.0010 
GGML_OP_MUL_MAT;blk.10.ffn_down.weight;4096;1024;1;-120.0197;1.8852;-81.8245;8933.0878;2237.8324;47.3057;0.0000;0.1357;0.8643;0.7507;0.0000;0.0293;0.0842;0.0925;0.0430;0.0002;0.0002 
GGML_OP_MUL;blk.11.attn_norm.weight;1024;1;1;0.0895;0.6096;0.4958;0.2481;0.0023;0.0477;0.0000;1.0000;0.0000;0.0000;0.0000;0.0000;0.0000;0.0020;0.4814;0.5176;0.0000 
GGML_OP_MUL_MAT;blk.11.attn_qkv.weight;1024;3072;1;-0.1700;0.9404;-0.0523;0.0145;0.0117;0.1083;0.0000;0.1953;0.8047;0.0000;0.0000;0.3682;0.4365;0.1133;0.0781;0.0049;0.0000 
GGML_OP_MUL_MAT;blk.11.attn_output.weight;1024;1024;1;-0.4687;0.7453;-0.0031;0.0121;0.0121;0.1100;0.0000;0.4756;0.5244;0.0000;0.0000;0.1484;0.3760;0.3545;0.1201;0.0020;0.0000 
GGML_OP_MUL;blk.11.ffn_norm.weight;1024;1;1;0.0193;1.2695;0.3916;0.1553;0.0020;0.0446;0.0000;1.0000;0.0000;0.0000;0.0000;0.0000;0.0000;0.0020;0.9971;0.0010;0.0010 
GGML_OP_MUL_MAT;blk.11.ffn_up.weight;1024;4096;1;-0.4687;0.7453;-0.0031;0.0121;0.0121;0.1100;0.0000;0.4756;0.5244;0.0000;0.0000;0.1484;0.3760;0.3545;0.1201;0.0020;0.0000 
GGML_OP_MUL_MAT;blk.11.ffn_down.weight;4096;1024;1;-120.0197;1.9393;-81.8243;8933.0882;2237.8737;47.3062;0.0000;0.1365;0.8635;0.7507;0.0002;0.0212;0.0913;0.0996;0.0366;0.0002;0.0002 
GGML_OP_MUL;blk.12.attn_norm.weight;1024;1;1;0.0790;0.6934;0.4938;0.2458;0.0020;0.0444;0.0000;1.0000;0.0000;0.0000;0.0000;0.0000;0.0000;0.0010;0.5195;0.4805;0.0000 
GGML_OP_MUL_MAT;blk.12.attn_qkv.weight;1024;3072;1;-0.1700;1.5537;-0.0670;0.0145;0.0100;0.1001;0.0010;0.1338;0.8652;0.0000;0.0000;0.3896;0.4756;0.0869;0.0469;0.0010;0.0010 
GGML_OP_MUL_MAT;blk.12.attn_output.weight;1024;1024;1;-0.6942;1.1001;0.0014;0.0131;0.0131;0.1143;0.0000;0.4990;0.5010;0.0000;0.0039;0.1182;0.3789;0.3867;0.1104;0.0020;0.0010 
GGML_OP_MUL;blk.12.ffn_norm.weight;1024;1;1;0.0023;1.3380;0.3858;0.1510;0.0021;0.0461;0.0000;1.0000;0.0000;0.0000;0.0000;0.0000;0.0000;0.0029;0.9961;0.0010;0.0010 
GGML_OP_MUL_MAT;blk.12.ffn_up.weight;1024;4096;1;-0.6942;1.1001;0.0014;0.0131;0.0131;0.1143;0.0000;0.4990;0.5010;0.0000;0.0039;0.1182;0.3789;0.3867;0.1104;0.0020;0.0010 
GGML_OP_MUL_MAT;blk.12.ffn_down.weight;4096;1024;1;-120.0197;1.8667;-81.8246;8933.0848;2237.8256;47.3057;0.0000;0.1345;0.8655;0.7507;0.0002;0.0232;0.0913;0.0996;0.0347;0.0002;0.0002 
GGML_OP_MUL;blk.13.attn_norm.weight;1024;1;1;0.0695;0.6897;0.4427;0.1973;0.0013;0.0360;0.0000;1.0000;0.0000;0.0000;0.0000;0.0000;0.0000;0.0010;0.9932;0.0068;0.0000 
GGML_OP_MUL_MAT;blk.13.attn_qkv.weight;1024;3072;1;-0.1700;2.7188;-0.0726;0.0201;0.0148;0.1217;0.0000;0.1221;0.8779;0.0000;0.0000;0.4277;0.4502;0.0752;0.0449;0.0020;0.0010 
GGML_OP_MUL_MAT;blk.13.attn_output.weight;1024;1024;1;-1.7787;0.7064;-0.0034;0.0138;0.0138;0.1175;0.0000;0.5068;0.4932;0.0010;0.0020;0.1143;0.3760;0.4053;0.0986;0.0039;0.0000 
GGML_OP_MUL;blk.13.ffn_norm.weight;1024;1;1;0.0352;1.1850;0.3691;0.1379;0.0017;0.0408;0.0000;1.0000;0.0000;0.0000;0.0000;0.0000;0.0000;0.0029;0.9961;0.0010;0.0010 
GGML_OP_MUL_MAT;blk.13.ffn_up.weight;1024;4096;1;-1.7787;0.7064;-0.0034;0.0138;0.0138;0.1175;0.0000;0.5068;0.4932;0.0010;0.0020;0.1143;0.3760;0.4053;0.0986;0.0039;0.0000 
GGML_OP_MUL_MAT;blk.13.ffn_down.weight;4096;1024;1;-120.0197;1.8905;-81.8237;8933.0850;2237.9697;47.3072;0.0000;0.1414;0.8586;0.7507;0.0002;0.0200;0.0876;0.1089;0.0322;0.0002;0.0002 
GGML_OP_MUL;blk.14.attn_norm.weight;1024;1;1;0.0862;0.5872;0.4586;0.2115;0.0012;0.0353;0.0000;1.0000;0.0000;0.0000;0.0000;0.0000;0.0000;0.0010;0.9736;0.0264;0.0000 
GGML_OP_MUL_MAT;blk.14.attn_qkv.weight;1024;3072;1;-0.1700;1.2920;-0.0725;0.0148;0.0096;0.0978;0.0000;0.1084;0.8916;0.0000;0.0000;0.4023;0.4893;0.0732;0.0322;0.0020;0.0020 
GGML_OP_MUL_MAT;blk.14.attn_output.weight;1024;1024;1;-1.0241;0.3649;-0.0058;0.0113;0.0113;0.1063;0.0000;0.4912;0.5088;0.0010;0.0020;0.1338;0.3721;0.3691;0.1221;0.0010;0.0000 
GGML_OP_MUL;blk.14.ffn_norm.weight;1024;1;1;0.0161;1.1987;0.3665;0.1360;0.0017;0.0417;0.0000;1.0000;0.0000;0.0000;0.0000;0.0000;0.0000;0.0039;0.9951;0.0010;0.0010 
GGML_OP_MUL_MAT;blk.14.ffn_up.weight;1024;4096;1;-1.0241;0.3649;-0.0058;0.0113;0.0113;0.1063;0.0000;0.4912;0.5088;0.0010;0.0020;0.1338;0.3721;0.3691;0.1221;0.0010;0.0000 
GGML_OP_MUL_MAT;blk.14.ffn_down.weight;4096;1024;1;-120.0197;1.8640;-81.8235;8933.0821;2237.9941;47.3074;0.0000;0.1394;0.8606;0.7507;0.0002;0.0176;0.0920;0.1067;0.0325;0.0002;0.0002 
GGML_OP_MUL;blk.15.attn_norm.weight;1024;1;1;0.0890;0.6035;0.4431;0.1975;0.0011;0.0336;0.0000;1.0000;0.0000;0.0000;0.0000;0.0000;0.0000;0.0020;0.9941;0.0049;0.0000 
GGML_OP_MUL_MAT;blk.15.attn_qkv.weight;1024;3072;1;-0.1700;0.5015;-0.0882;0.0133;0.0056;0.0746;0.0000;0.0732;0.9268;0.0000;0.0000;0.4951;0.4316;0.0488;0.0234;0.0020;0.0000 
GGML_OP_MUL_MAT;blk.15.attn_output.weight;1024;1024;1;-0.7698;0.9547;-0.0016;0.0171;0.0171;0.1307;0.0000;0.5020;0.4980;0.0000;0.0039;0.1562;0.3379;0.3525;0.1445;0.0059;0.0000 
GGML_OP_MUL;blk.15.ffn_norm.weight;1024;1;1;0.0299;1.0754;0.3636;0.1337;0.0015;0.0388;0.0000;1.0000;0.0000;0.0000;0.0000;0.0000;0.0000;0.0039;0.9941;0.0020;0.0010 
GGML_OP_MUL_MAT;blk.15.ffn_up.weight;1024;4096;1;-0.7698;0.9547;-0.0016;0.0171;0.0171;0.1307;0.0000;0.5020;0.4980;0.0000;0.0039;0.1562;0.3379;0.3525;0.1445;0.0059;0.0000 
GGML_OP_MUL_MAT;blk.15.ffn_down.weight;4096;1024;1;-120.0197;1.8538;-81.8233;8933.0814;2238.0271;47.3078;0.0000;0.1389;0.8611;0.7505;0.0005;0.0186;0.0916;0.1067;0.0320;0.0002;0.0002 
GGML_OP_MUL;blk.16.attn_norm.weight;1024;1;1;0.0725;0.7741;0.4408;0.1955;0.0012;0.0349;0.0000;1.0000;0.0000;0.0000;0.0000;0.0000;0.0000;0.0029;0.9922;0.0059;0.0000 
GGML_OP_MUL_MAT;blk.16.attn_qkv.weight;1024;3072;1;-0.1700;0.9072;-0.0879;0.0167;0.0090;0.0949;0.0000;0.0938;0.9062;0.0000;0.0000;0.5312;0.3750;0.0557;0.0342;0.0049;0.0000 
GGML_OP_MUL_MAT;blk.16.attn_output.weight;1024;1024;1;-0.6332;0.4562;0.0015;0.0122;0.0122;0.1104;0.0000;0.5068;0.4932;0.0000;0.0029;0.1514;0.3389;0.3613;0.1455;0.0010;0.0000 
GGML_OP_MUL;blk.16.ffn_norm.weight;1024;1;1;0.0220;0.9857;0.3685;0.1372;0.0014;0.0370;0.0000;1.0000;0.0000;0.0000;0.0000;0.0000;0.0000;0.0029;0.9951;0.0029;0.0000 
GGML_OP_MUL_MAT;blk.16.ffn_up.weight;1024;4096;1;-0.6332;0.4562;0.0015;0.0122;0.0122;0.1104;0.0000;0.5068;0.4932;0.0000;0.0029;0.1514;0.3389;0.3613;0.1455;0.0010;0.0000 
GGML_OP_MUL_MAT;blk.16.ffn_down.weight;4096;1024;1;-120.0197;1.8035;-81.8233;8933.0836;2238.0255;47.3078;0.0000;0.1370;0.8630;0.7505;0.0005;0.0190;0.0930;0.1030;0.0337;0.0002;0.0002 
GGML_OP_MUL;blk.17.attn_norm.weight;1024;1;1;0.0725;0.6074;0.4393;0.1940;0.0010;0.0320;0.0000;1.0000;0.0000;0.0000;0.0000;0.0000;0.0000;0.0029;0.9922;0.0059;0.0000 
GGML_OP_MUL_MAT;blk.17.attn_qkv.weight;1024;3072;1;-0.1700;8.1797;-0.0909;0.0820;0.0737;0.2715;0.0000;0.0654;0.9346;0.0000;0.0000;0.6025;0.3320;0.0371;0.0244;0.0029;0.0020 
GGML_OP_MUL_MAT;blk.17.attn_output.weight;1024;1024;1;-1.1952;0.9866;-0.0052;0.0284;0.0284;0.1684;0.0000;0.4932;0.5068;0.0010;0.0146;0.1387;0.3525;0.3438;0.1338;0.0166;0.0000 
GGML_OP_MUL;blk.17.ffn_norm.weight;1024;1;1;0.0120;0.8718;0.3796;0.1455;0.0013;0.0366;0.0000;1.0000;0.0000;0.0000;0.0000;0.0000;0.0000;0.0049;0.9932;0.0029;0.0000 
GGML_OP_MUL_MAT;blk.17.ffn_up.weight;1024;4096;1;-1.1952;0.9866;-0.0052;0.0284;0.0284;0.1684;0.0000;0.4932;0.5068;0.0010;0.0146;0.1387;0.3525;0.3438;0.1338;0.0166;0.0000 
GGML_OP_MUL_MAT;blk.17.ffn_down.weight;4096;1024;1;-120.0197;1.8586;-81.8231;8933.0810;2238.0546;47.3081;0.0000;0.1392;0.8608;0.7505;0.0002;0.0254;0.0847;0.1013;0.0376;0.0002;0.0002 
GGML_OP_MUL;blk.18.attn_norm.weight;1024;1;1;0.0679;0.6207;0.4475;0.2013;0.0010;0.0323;0.0000;1.0000;0.0000;0.0000;0.0000;0.0000;0.0000;0.0029;0.9863;0.0117;0.0000 
GGML_OP_MUL_MAT;blk.18.attn_qkv.weight;1024;3072;1;-0.1700;1.2549;-0.0942;0.0207;0.0118;0.1086;0.0000;0.0879;0.9121;0.0000;0.0000;0.6260;0.2861;0.0479;0.0352;0.0039;0.0020 
GGML_OP_MUL_MAT;blk.18.attn_output.weight;1024;1024;1;-0.8550;0.6164;0.0046;0.0152;0.0151;0.1231;0.0000;0.5312;0.4688;0.0000;0.0039;0.1055;0.3594;0.3955;0.1338;0.0029;0.0000 
GGML_OP_MUL;blk.18.ffn_norm.weight;1024;1;1;0.0114;0.8028;0.3914;0.1546;0.0014;0.0369;0.0000;1.0000;0.0000;0.0000;0.0000;0.0000;0.0000;0.0029;0.9922;0.0059;0.0000 
GGML_OP_MUL_MAT;blk.18.ffn_up.weight;1024;4096;1;-0.8550;0.6164;0.0046;0.0152;0.0151;0.1231;0.0000;0.5312;0.4688;0.0000;0.0039;0.1055;0.3594;0.3955;0.1338;0.0029;0.0000 
GGML_OP_MUL_MAT;blk.18.ffn_down.weight;4096;1024;1;-120.0197;1.7839;-81.8232;8933.0813;2238.0412;47.3079;0.0000;0.1360;0.8640;0.7505;0.0002;0.0288;0.0845;0.0957;0.0398;0.0005;0.0002 
GGML_OP_MUL;blk.19.attn_norm.weight;1024;1;1;0.0618;0.6904;0.4782;0.2300;0.0013;0.0359;0.0000;1.0000;0.0000;0.0000;0.0000;0.0000;0.0000;0.0029;0.8818;0.1162;0.0000 
GGML_OP_MUL_MAT;blk.19.attn_qkv.weight;1024;3072;1;-0.1700;3.6113;-0.0774;0.0353;0.0293;0.1712;0.0000;0.1377;0.8623;0.0000;0.0000;0.6094;0.2529;0.0527;0.0762;0.0088;0.0010 
GGML_OP_MUL_MAT;blk.19.attn_output.weight;1024;1024;1;-0.3785;0.7244;-0.0005;0.0070;0.0070;0.0840;0.0000;0.4912;0.5088;0.0000;0.0000;0.0830;0.4258;0.4014;0.0889;0.0020;0.0000 
GGML_OP_MUL;blk.19.ffn_norm.weight;1024;1;1;0.0123;0.7781;0.4126;0.1717;0.0015;0.0392;0.0000;1.0000;0.0000;0.0000;0.0000;0.0000;0.0000;0.0039;0.9863;0.0107;0.0000 
GGML_OP_MUL_MAT;blk.19.ffn_up.weight;1024;4096;1;-0.3785;0.7244;-0.0005;0.0070;0.0070;0.0840;0.0000;0.4912;0.5088;0.0000;0.0000;0.0830;0.4258;0.4014;0.0889;0.0020;0.0000 
GGML_OP_MUL_MAT;blk.19.ffn_down.weight;4096;1024;1;-120.0197;1.6723;-81.8234;8933.0808;2238.0161;47.3077;0.0000;0.1335;0.8665;0.7505;0.0002;0.0305;0.0852;0.0930;0.0398;0.0007;0.0002 
GGML_OP_MUL;blk.20.attn_norm.weight;1024;1;1;0.0656;0.7756;0.4933;0.2448;0.0015;0.0383;0.0000;1.0000;0.0000;0.0000;0.0000;0.0000;0.0000;0.0029;0.6074;0.3906;0.0000 
GGML_OP_MUL_MAT;blk.20.attn_qkv.weight;1024;3072;1;-0.1700;1.0674;-0.0857;0.0247;0.0174;0.1317;0.0000;0.1201;0.8799;0.0000;0.0000;0.6270;0.2529;0.0566;0.0537;0.0088;0.0020 
GGML_OP_MUL_MAT;blk.20.attn_output.weight;1024;1024;1;-0.5540;0.5799;-0.0084;0.0116;0.0116;0.1076;0.0000;0.4932;0.5068;0.0000;0.0029;0.1367;0.3672;0.3828;0.1084;0.0029;0.0000 
GGML_OP_MUL;blk.20.ffn_norm.weight;1024;1;1;0.0120;0.6989;0.4388;0.1942;0.0017;0.0410;0.0000;1.0000;0.0000;0.0000;0.0000;0.0000;0.0000;0.0029;0.9766;0.0215;0.0000 
GGML_OP_MUL_MAT;blk.20.ffn_up.weight;1024;4096;1;-0.5540;0.5799;-0.0084;0.0116;0.0116;0.1076;0.0000;0.4932;0.5068;0.0000;0.0029;0.1367;0.3672;0.3828;0.1084;0.0029;0.0000 
GGML_OP_MUL_MAT;blk.20.ffn_down.weight;4096;1024;1;-120.0197;1.6651;-81.8238;8933.0823;2237.9478;47.3070;0.0000;0.1294;0.8706;0.7505;0.0005;0.0325;0.0872;0.0859;0.0427;0.0007;0.0002 
GGML_OP_MUL;blk.21.attn_norm.weight;1024;1;1;0.0717;0.8580;0.5356;0.2884;0.0016;0.0403;0.0000;1.0000;0.0000;0.0000;0.0000;0.0000;0.0000;0.0029;0.0234;0.9746;0.0000 
GGML_OP_MUL_MAT;blk.21.attn_qkv.weight;1024;3072;1;-0.1700;1.2773;-0.0859;0.0221;0.0148;0.1215;0.0000;0.1406;0.8594;0.0000;0.0000;0.6221;0.2373;0.0723;0.0615;0.0068;0.0010 
GGML_OP_MUL_MAT;blk.21.attn_output.weight;1024;1024;1;-1.2300;1.4839;-0.0020;0.0261;0.0261;0.1615;0.0000;0.4912;0.5088;0.0029;0.0059;0.1289;0.3711;0.3594;0.1240;0.0068;0.0020 
GGML_OP_MUL;blk.21.ffn_norm.weight;1024;1;1;0.0170;0.8024;0.4795;0.2321;0.0022;0.0469;0.0000;1.0000;0.0000;0.0000;0.0000;0.0000;0.0000;0.0039;0.8447;0.1523;0.0000 
GGML_OP_MUL_MAT;blk.21.ffn_up.weight;1024;4096;1;-1.2300;1.4839;-0.0020;0.0261;0.0261;0.1615;0.0000;0.4912;0.5088;0.0029;0.0059;0.1289;0.3711;0.3594;0.1240;0.0068;0.0020 
GGML_OP_MUL_MAT;blk.21.ffn_down.weight;4096;1024;1;-120.0197;1.4587;-81.8238;8933.0801;2237.9446;47.3069;0.0000;0.1318;0.8682;0.7505;0.0007;0.0342;0.0828;0.0884;0.0427;0.0002;0.0007 
GGML_OP_MUL;blk.22.attn_norm.weight;1024;1;1;0.0811;1.0586;0.6083;0.3727;0.0027;0.0524;0.0000;1.0000;0.0000;0.0000;0.0000;0.0000;0.0000;0.0029;0.0146;0.9824;0.0010 
GGML_OP_MUL_MAT;blk.22.attn_qkv.weight;1024;3072;1;-0.1700;4.3828;-0.0806;0.0488;0.0423;0.2056;0.0000;0.1377;0.8623;0.0000;0.0000;0.6689;0.1934;0.0596;0.0664;0.0098;0.0029 
GGML_OP_MUL_MAT;blk.22.attn_output.weight;1024;1024;1;-1.2033;1.4153;-0.0105;0.0445;0.0444;0.2108;0.0000;0.4863;0.5137;0.0010;0.0166;0.2539;0.2422;0.2275;0.2480;0.0098;0.0020 
GGML_OP_MUL;blk.22.ffn_norm.weight;1024;1;1;0.0213;0.9434;0.5592;0.3161;0.0033;0.0577;0.0000;1.0000;0.0000;0.0000;0.0000;0.0000;0.0000;0.0049;0.0137;0.9824;0.0000 
GGML_OP_MUL_MAT;blk.22.ffn_up.weight;1024;4096;1;-1.2033;1.4153;-0.0105;0.0445;0.0444;0.2108;0.0000;0.4863;0.5137;0.0010;0.0166;0.2539;0.2422;0.2275;0.2480;0.0098;0.0020 
GGML_OP_MUL_MAT;blk.22.ffn_down.weight;4096;1024;1;-120.0197;1.6596;-81.8222;8933.0822;2238.2063;47.3097;0.0000;0.1353;0.8647;0.7505;0.0017;0.0437;0.0688;0.0747;0.0596;0.0005;0.0007 
GGML_OP_MUL;blk.23.attn_norm.weight;1024;1;1;0.1194;1.0612;0.7095;0.5067;0.0034;0.0581;0.0000;1.0000;0.0000;0.0000;0.0000;0.0000;0.0000;0.0000;0.0107;0.9893;0.0010 
GGML_OP_MUL_MAT;blk.23.attn_qkv.weight;1024;3072;1;-0.1700;2.9766;-0.0613;0.0620;0.0583;0.2414;0.0000;0.1445;0.8555;0.0000;0.0000;0.6523;0.2031;0.0488;0.0684;0.0156;0.0127 
GGML_OP_MUL_MAT;blk.23.attn_output.weight;1024;1024;1;-2.2955;3.5692;-0.0098;0.2569;0.2569;0.5068;0.0000;0.5059;0.4941;0.0342;0.0723;0.2598;0.1279;0.1152;0.2959;0.0713;0.0244 
GGML_OP_MUL;blk.23.ffn_norm.weight;1024;1;1;0.0415;1.2371;0.6784;0.4656;0.0054;0.0732;0.0000;1.0000;0.0000;0.0000;0.0000;0.0000;0.0000;0.0010;0.0137;0.9814;0.0049 
GGML_OP_MUL_MAT;blk.23.ffn_up.weight;1024;4096;1;-0.1700;2.5391;-0.0638;0.0516;0.0475;0.2180;0.0000;0.1025;0.8975;0.0000;0.0000;0.5996;0.2979;0.0312;0.0410;0.0234;0.0078 
GGML_OP_MUL_MAT;blk.23.ffn_down.weight;4096;1024;1;-432.2672;341.5164;-54.4079;6045.1938;3084.9725;55.5425;0.0002;0.2434;0.7563;0.6069;0.0137;0.0654;0.0703;0.0667;0.0647;0.0110;0.1016 
GGML_OP_MUL;output_norm.weight;1024;1;1;0.0160;19.2128;1.6960;4.2578;1.3813;1.1753;0.0000;1.0000;0.0000;0.0000;0.0000;0.0000;0.0000;0.0010;0.0059;0.0029;0.9912 
GGML_OP_MUL_MAT;output.weight;1024;50257;1;-367.6733;402.5448;0.7247;535.2177;534.6926;23.1234;0.0000;0.4990;0.5010;0.4258;0.0410;0.0254;0.0088;0.0049;0.0381;0.0322;0.4248 
